Rank Midpoint,University,Country,International Students,Number of students,Student Staff Ratio,Teaching,International Outlook,Research,Citations,Income,Total Score,Year
1,Harvard University,United States of America,0.25,20152,8.9,99.7,72.4,98.7,98.8,34.5,96.1,2011
2,California Institute of Technology,United States of America,0.27,2243,6.9,97.7,54.6,98,99.9,83.7,96,2011
3,Massachusetts Institute of Technology,United States of America,0.33,11074,9,97.8,82.3,91.4,99.9,87.5,95.6,2011
4,Stanford University,United States of America,0.22,15596,7.8,98.3,29.5,98.1,99.2,64.3,94.3,2011
6,University of Cambridge,United Kingdom,0.34,18812,11.8,90.5,77.7,94.1,94,57,91.2,2011
6,University of Oxford,United Kingdom,0.34,19919,11.6,88.2,77.2,93.9,95.1,73.5,91.2,2011
9,Imperial College London,United Kingdom,0.51,15060,11.7,89.2,90,94.5,88.3,92.9,90.6,2011
13,Johns Hopkins University,United States of America,0.23,15128,3.6,80.9,58.5,89.2,92.3,100,86.4,2011
14,Cornell University,United States of America,0.19,21424,10.2,82.2,62.4,88.8,88.1,34.7,83.9,2011
15,University of Michigan,United States of America,0.16,41786,9,83.9,53.3,89.1,84.1,59.6,83.4,2011
19,University of Pennsylvania,United States of America,0.2,20376,6.5,71.8,32.9,82.7,93.6,43.7,79.5,2011
20,Carnegie Mellon University,United States of America,0.35,11885,13.1,70.3,39.1,79.3,95.7,53.7,79.3,2011
21,University of Hong Kong,Hong Kong,0.38,19835,17.6,68.4,91.4,71.4,96.1,56.5,79.2,2011
22,University College London,United Kingdom,0.46,26607,10.7,74,90.8,81.6,80.6,39,78.4,2011
23,University of Washington,United States of America,0.13,44020,11.8,68.2,49,77.1,95.9,32.8,78,2011
24,Duke University,United States of America,0.17,15172,4.8,66.8,49.4,71.5,92.3,100,76.5,2011
27,Georgia Institute of Technology,United States of America,0.26,19967,20.1,67.9,73.2,72.6,83.2,95.1,75.3,2011
28,Pohang University of Science and Technology,South Korea,0.04,3055,10.1,69.5,32.6,62.5,96.5,100,75.1,2011
29,"University of California, Santa Barbara",United States of America,0.11,22020,27.3,56.6,64.3,68,98.8,89.8,75,2011
30,University of British Columbia,Canada,0.25,50152,17.6,65.1,93.3,74.8,80.3,42.6,73.8,2011
30,University of North Carolina at Chapel Hill,United States of America,0.08,26518,7.3,70.9,21.5,75.1,85,50.2,73.8,2011
32,"University of California, San Diego",United States of America,0.11,27233,6.5,59.8,31.6,76.3,90.8,51.8,73.2,2011
34,National University of Singapore,Singapore,0.34,31592,15.5,65.5,97.8,72.6,78.7,40.5,72.9,2011
36,University of Melbourne,Australia,0.35,40128,23.7,58.7,88,69.2,83.3,47.7,71,2011
37,Peking University,China,0.14,40148,8.3,76.4,68.6,61.3,72.2,98.6,70.7,2011
40,University of Edinburgh,United Kingdom,0.36,25774,14.1,59.9,67.3,61.9,86.8,42.2,69.2,2011
41,Hong Kong University of Science and Technology,Hong Kong,0.36,11385,23.8,50.4,97.4,51.8,98.2,64.1,69,2011
42,École Normale Supérieure,France,0.2,2400,7.9,66.8,44.9,48.2,95.7,30.7,68.6,2011
43,Karolinska Institute,Sweden,0.22,7774,11.5,65.8,,72.7,62.3,73.3,67,2011
43,University of Göttingen,Germany,0.12,25581,25.6,57.3,44.5,55.9,92.5,31.7,67,2011
47,Rice University,United States of America,0.26,6333,9,57.4,31.2,50.6,99.1,29.2,66.9,2011
48,École Polytechnique Fédérale de Lausanne,Switzerland,0.54,9666,10.5,55,100,56.1,83.8,38,66.5,2011
49,University of Science and Technology of China,China,0.02,14290,7.9,57.5,,48.6,92.7,30.3,66,2011
51,Vanderbilt University,United States of America,0.1,12161,3.6,64.9,22.1,59.5,78.1,84.2,65.9,2011
54,"University of California, Davis",United States of America,0.13,35364,13.9,57.3,60.5,70.7,68.8,48,65,2011
56,University of Massachusetts,United States of America,0.11,56959,13,61.3,22.6,72.6,67.9,53.9,64.7,2011
57,Kyoto University,Japan,0.07,22809,5.6,78.9,18.4,77.7,46.3,67.1,64.6,2011
58,Tsinghua University,China,0.1,39763,13.7,74.9,43,66.6,52.7,97.8,64.2,2011
59,Boston University,United States of America,0.17,24789,8.6,53.6,38.1,51.9,91.4,29.6,64,2011
61,LMU Munich,Germany,0.13,35691,15.5,59.1,43.1,57.5,76.4,40.4,63,2011
64,University of Pittsburgh,United States of America,0.1,26485,5.8,58.5,25.2,58.3,78.3,37.9,62.7,2011
68,University of Bristol,United Kingdom,0.25,17906,14,49.6,67.2,53.1,80.9,36.2,61.4,2011
71,University of Sydney,Australia,0.28,41868,20.2,49.8,89.6,61.9,64.3,90.8,61.2,2011
73,University of Adelaide,Australia,0.26,20771,30.1,46.5,87.5,38.8,90.5,52.7,60.7,2011
76,Trinity College Dublin,Republic of Ireland,0.25,15521,18,47.7,84.2,45.3,84.4,31.6,60.3,2011
77,King’s College London,United Kingdom,0.37,21394,11.4,48.5,85.9,54.5,72.1,44.1,59.7,2011
79,Korea Advanced Institute of Science and Technology (KAIST),South Korea,0.09,9027,10,71.3,36.7,63.4,45.5,100,59.5,2011
79,University of Sussex,United Kingdom,0.35,12001,17.4,42.4,72.8,42.4,91.6,29.1,59.5,2011
81,The University of Queensland,Australia,0.27,34718,32.7,51.8,74.2,53.4,69,57.1,59.1,2011
81,University of York,United Kingdom,0.1544,23873,18.45,47.9,66.6,46.2,81.9,36.2,59.1,2011
83,Heidelberg University,Germany,0.17,28881,24.5,59.2,63.4,47.5,70.3,39.1,59,2011
85,Durham University,United Kingdom,0.24,15489,15.7,39.8,65.7,44.1,91,33.9,58.9,2011
86,London School of Economics and Political Science,United Kingdom,0.1544,23873,18.45,62.4,99.5,56.2,51.6,38.4,58.3,2011
87,University of Manchester,United Kingdom,0.34,34938,15.3,56.5,79.1,56.2,59.2,39,58,2011
88,"Royal Holloway, University of London",United Kingdom,0.37,8747,15.9,37.7,92.9,36.2,93.2,30.5,57.9,2011
89,Lund University,Sweden,0.15,28251,11.5,46.3,56.8,60.8,67.6,33.2,57.8,2011
90,University of Southampton,United Kingdom,0.29,20925,13.5,50.8,69,47.8,72.9,37.7,57.7,2011
90,University of Zurich,Switzerland,0.19,26583,6.5,56.6,87.9,47,65,43.8,57.7,2011
95,University of Arizona,United States of America,0.08,36429,12.7,52.4,21.9,52.2,70.1,84.2,57.3,2011
95,University of Basel,Switzerland,0.24,12551,17.3,50.2,91.3,37.1,78.3,45.8,57.3,2011
100,École Normale Supérieure de Lyon,France,0.14,2218,8,51.1,37.6,34.4,88.8,26.1,57,2011
102,University of Helsinki,Finland,0.06,23505,15.1,49,24.2,51.4,75.4,30.2,56.6,2011
103,University of St Andrews,United Kingdom,0.47,8338,12.7,44.8,85.7,47.7,72.9,32.6,56.5,2011
107,National Tsing Hua University,Taiwan,0.05,10221,13.5,52.2,34.1,52.6,66.9,50.2,56.1,2011
109,Pennsylvania State University,United States of America,0.12,44501,12.4,46.3,19.9,49.2,77.6,44,56,2011
109,Seoul National University,South Korea,0.1,26389,13.9,62.3,44.9,54.1,54.6,43,56,2011
111,Hong Kong Baptist University,Hong Kong,0.25,10441,11,32.9,71.8,32.5,97.6,26.7,55.6,2011
112,Bilkent University,Turkey,0.1544,23873,18.45,34.3,47.7,36.1,95.7,32.4,55.4,2011
112,Tokyo Institute of Technology,Japan,0.13,9586,7.3,62.9,24.8,63.4,45.5,60.5,55.4,2011
114,Eindhoven University of Technology,Netherlands,0.14,8176,16,55.4,44.9,51.7,56.9,99.8,55.3,2011
115,National Taiwan University,Taiwan,0.07,31891,11.9,50.3,29.2,59,61.6,35.7,55.2,2011
117,"University of California, Riverside",United States of America,0.12,20626,22,38.6,63,47.4,78.3,30.5,55.1,2011
118,University of Geneva,Switzerland,0.39,15668,15,46.6,95.7,49.7,63.1,32.7,55,2011
119,KU Leuven,Belgium,0.18,42503,41.9,57.7,29.6,62.9,45.2,97.7,54.8,2011
120,Nanjing University,China,0.1,29743,13.3,52.2,50.2,46.2,66,43.4,54.6,2011
120,Queen Mary University of London,United Kingdom,0.4,14260,14,39.7,91,44.1,73.5,38.9,54.6,2011
122,Technical University of Denmark,Denmark,0.18,9990,5,46.2,64,46.9,64.6,95.5,54.5,2011
124,Ghent University,Belgium,0.09,32166,34.1,52.8,24.7,59.1,52.8,97.1,54.4,2011
124,Lancaster University,United Kingdom,0.33,11512,14.9,43.5,73.8,41.9,74.9,28.8,54.4,2011
124,Leiden University,Netherlands,0.1,21222,17.1,47.3,40,54.9,59.3,100,54.4,2011
127,University of Alberta,Canada,0.23,36299,21.6,53.7,71.6,58,49.7,44.5,54.3,2011
128,University of Glasgow,United Kingdom,0.29,22616,16,45.6,55.1,50.3,65.1,61,54.2,2011
129,Stockholm University,Sweden,0.08,31715,23.7,36.9,,49.2,75.9,31.7,54,2011
130,Osaka University,Japan,0.09,23144,7.8,61.7,20.1,63.4,40,73.4,53.4,2011
130,University of Victoria,Canada,0.11,17581,21.5,32.9,,48.3,79.1,27.4,53.4,2011
132,Tohoku University,Japan,0.07,17200,5,60.3,20.1,62.5,41.2,82.3,53.3,2011
132,University of Freiburg,Germany,0.16,26467,31.2,52.4,46.2,41.4,64.3,79.8,53.3,2011
135,University of Bergen,Norway,0.12,11623,11.1,39.9,66.6,42.1,73.1,41.5,52.7,2011
136,University of Lausanne,Switzerland,0.22,11964,13.1,43.1,84.1,50.5,59.1,42.5,52.6,2011
137,University of Sheffield,United Kingdom,0.31,23311,15.5,48.9,62.7,49.2,58.4,40.3,52.5,2011
139,VU University Amsterdam,Netherlands,0.06,23280,16.3,47.6,30.6,51.6,58.5,81.4,52.3,2011
140,Pierre and Marie Curie University,France,0.18,27862,8.7,51.9,30.7,37.2,71.5,26.4,52.2,2011
140,University of Dundee,United Kingdom,0.25,11628,15.3,34.1,54.4,41,79.3,49.3,52.2,2011
142,University of Barcelona,Spain,0.1,47491,12.2,34.1,22.3,33.7,91.9,30,52.1,2011
143,Utrecht University,Netherlands,0.07,30779,15.4,43.4,52.6,53,58.8,55.3,52,2011
145,University of Auckland,New Zealand,0.28,29787,18.9,34.8,94.3,39.2,71.8,61.1,51.8,2011
145,University of Birmingham,United Kingdom,0.23,25295,16.4,50.3,73.8,50.7,52.1,34.8,51.8,2011
147,Alexandria University,Egypt,0.01,127431,23.3,29.5,19.3,28,99.8,36,51.6,2011
147,Uppsala University,Sweden,0.12,25266,18.2,49.6,77.9,62.2,40.7,39.5,51.6,2011
149,Hong Kong Polytechnic University,Hong Kong,0.26,22064,25.9,39.4,82.9,45.7,62.4,57.2,51.4,2011
149,University of Aberdeen,United Kingdom,0.33,12938,15.8,37.8,86.1,45.2,64.6,47,51.4,2011
151,Delft University of Technology,Netherlands,0.25,15920,19.4,55.5,47.4,67.7,29,99.4,51.3,2011
152,"Birkbeck, University of London",United Kingdom,0.38,9454,17.2,41.2,88.5,35.8,70.6,27.4,51.2,2011
152,Newcastle University,United Kingdom,0.29,20174,15.2,42.7,80.5,42.8,63.6,31.1,51.2,2011
152,University of New South Wales,Australia,0.33,38309,25.9,49.5,70.7,48.9,51.2,60,51.2,2011
155,Pompeu Fabra University,Spain,0.13,10901,18.3,35,44.1,33,84.7,40,51.1,2011
156,Iowa State University,United States of America,0.11,29991,17.4,49.3,23.2,49.6,58.2,49.6,51,2011
158,Georgia Health Sciences University,United States of America,0.1544,23873,18.45,67.3,16.3,41.7,48.9,50.1,50.7,2011
159,University of Delaware,United States of America,0.1,19262,15.9,38.4,16.8,51.9,61.3,100,50.4,2011
163,National Sun Yat-Sen University,Taiwan,0.04,9336,19.6,46.1,21.3,50.6,58.9,37.5,50.2,2011
165,University of Amsterdam,Netherlands,0.11,24570,14.4,42.5,38.2,49.2,60.2,38.8,50,2011
165,University of Liverpool,United Kingdom,0.3,18815,13.6,40.8,59.8,47.8,59.6,40.6,50,2011
167,Aarhus University,Denmark,0.14,23895,13.6,38.1,33.4,55.6,57.3,61.5,49.9,2011
168,University of Leeds,United Kingdom,0.21,27703,14.7,46.2,50,48,55.6,38.3,49.8,2011
170,University of Groningen,Netherlands,0.12,24556,25.6,41.7,35.5,56.4,54.1,34.2,49.7,2011
171,Sun Yat-sen University,China,0.08,51351,16.6,46.2,29.3,34.7,70.2,41.2,49.6,2011
172,Goethe University Frankfurt,Germany,0.15,31861,9.3,39.2,56.1,37.3,69.5,41.6,49.4,2011
174,Nanyang Technological University,Singapore,0.33,25028,16.2,43.6,96.3,51.7,45,40,49,2011
174,University of East Anglia,United Kingdom,0.28,14992,14.7,42.1,62.8,40.4,62.8,29.7,49,2011
174,University of Nottingham,United Kingdom,0.27,30144,15,46.8,74.8,44.1,52.5,38.4,49,2011
177,University of Copenhagen,Denmark,0.19,27545,4.1,44.1,45.8,45.7,58.3,26.1,48.8,2011
178,Humboldt University of Berlin,Germany,0.16,29987,52.5,50.9,46.1,44.5,52,27.8,48.5,2011
178,Monash University,Australia,0.36,50882,40.5,39.4,87.1,38.8,60.5,40.8,48.5,2011
178,University of Bonn,Germany,0.13,32474,70.4,46.8,46.8,33.8,65.3,29.4,48.5,2011
181,National Chiao Tung University,Taiwan,0.05,12646,16.6,53.2,57.9,54.4,32.9,98.7,48.3,2011
182,RWTH Aachen University,Germany,0.16,37917,27.6,50,63.8,42.5,48.9,56.6,48.2,2011
183,Middle East Technical University,Turkey,0.07,25779,22.2,39.5,27.2,39.5,66.4,43.9,47.7,2011
184,University of Exeter,United Kingdom,0.28,17755,18.8,40.4,62.8,42.5,57.9,32.2,47.6,2011
185,University of Twente,Netherlands,0.26,6631,12,49.9,62.4,48.3,42,49.8,47.5,2011
187,Karlsruhe Institute of Technology,Germany,0.16,25294,24.6,45,47.3,35.4,60.7,40,47.2,2011
187,University of Innsbruck,Austria,0.39,18209,16.9,37.9,99.5,34.8,60.2,35,47.2,2011
189,University of Tübingen,Germany,0.12,28327,38.9,45.9,57.8,36.3,57.3,32.3,47,2011
190,Drexel University,United States of America,0.18,20713,10.8,45,60.6,35.9,58.2,27.4,46.9,2011
190,University of Cincinnati,United States of America,0.06,36108,15.7,43.6,18.9,40.4,61.5,32.5,46.9,2011
190,Yonsei University,South Korea,0.14,24774,11.6,43,28,48.7,52.2,40.4,46.9,2011
193,KTH Royal Institute of Technology,Sweden,0.21,12062,14.6,49.1,64.2,56.2,29.2,100,46.8,2011
195,University of Vienna,Austria,0.25,34651,20.5,47.6,63.2,45.7,45.6,27,46.7,2011
196,Kent State University,United States of America,0.08,23122,19,33.5,15.9,33.3,76.8,26.3,46.5,2011
197,Zhejiang University,China,0.05,47508,15.9,54.6,29.6,41.3,44.3,70.3,46.4,2011
199,Simon Fraser University,Canada,0.19,26640,28.3,32.9,51.9,44.2,60.2,37.9,46.2,2011
199,Swedish University of Agricultural Sciences,Sweden,0.1544,3879,4.6,43.3,,49.5,41.7,99.9,46.2,2011
1,California Institute of Technology,United States of America,0.27,2243,6.9,95.7,56,98.2,99.9,97,94.8,2012
2,Harvard University,United States of America,0.25,20152,8.9,95.8,67.5,97.4,99.8,35.9,93.9,2012
2,Stanford University,United States of America,0.22,15596,7.8,94.8,57.2,98.9,99.8,63.8,93.9,2012
4,University of Oxford,United Kingdom,0.34,19919,11.6,89.5,91.9,96.6,97.9,62.1,93.6,2012
5,Princeton University,United States of America,0.27,7929,8.4,91.5,49.6,99.1,100,81,92.9,2012
6,University of Cambridge,United Kingdom,0.34,18812,11.8,90.5,85.3,94.2,97.3,55.5,92.4,2012
7,Massachusetts Institute of Technology,United States of America,0.33,11074,9,92.7,79.2,87.4,100,94.4,92.3,2012
8,Imperial College London,United Kingdom,0.51,15060,11.7,88.8,92.2,88.7,93.9,93.1,90.7,2012
10,"University of California, Berkeley",United States of America,0.15,36186,16.4,82.8,50.4,99.4,99.4,62.5,89.8,2012
11,Yale University,United States of America,0.2,11751,4.4,92.3,55.5,91.2,96.7,34.7,89.1,2012
14,Johns Hopkins University,United States of America,0.23,15128,3.6,78.9,59.9,86.5,97.3,100,85.8,2012
16,University of Pennsylvania,United States of America,0.2,20376,6.5,87,34.3,86.1,97.9,41.9,84.9,2012
17,University College London,United Kingdom,0.46,26607,10.7,77.8,91.8,84.3,89,41.4,83.2,2012
18,University of Michigan,United States of America,0.16,41786,9,75.4,47.2,90,94.3,53.3,82.8,2012
19,University of Toronto,Canada,0.15,66198,19.5,76.9,69,87.4,86.5,44.9,81.6,2012
21,Carnegie Mellon University,United States of America,0.35,11885,13.1,65.7,55,79.5,97.4,60.7,78.4,2012
22,Duke University,United States of America,0.17,15172,4.8,62.6,46.9,77.9,97.4,100,77.4,2012
22,University of British Columbia,Canada,0.25,50152,17.6,68.6,88.7,78.6,85.2,40.6,77.4,2012
24,Georgia Institute of Technology,United States of America,0.26,19967,20.1,66.6,65,73.8,91.9,99.2,77,2012
25,University of Washington,United States of America,0.13,44020,11.8,70.8,36.9,74,98.2,31.8,76.5,2012
26,Northwestern University,United States of America,0.15,18334,13.8,66.3,35.3,75.5,98.6,56.6,76.2,2012
27,University of Wisconsin-Madison,United States of America,0.11,39655,10.8,74.3,23.8,77.3,90.6,55.3,75.8,2012
28,McGill University,Canada,0.23,31326,13.7,72.8,81.4,78.4,77.1,35.1,75.5,2012
29,University of Texas at Austin,United States of America,0.09,49427,17.4,69.5,38.8,76.1,89.6,57.7,74.9,2012
30,University of Tokyo,Japan,0.1,26199,5.7,86.1,23,80.3,69.1,76.6,74.3,2012
32,Karolinska Institute,Sweden,0.22,7774,11.5,69.9,82,73.8,73.1,78.5,73.1,2012
33,"University of California, San Diego",United States of America,0.11,27233,6.5,61.4,31.5,72,97.8,51.8,73,2012
34,University of Hong Kong,Hong Kong,0.38,19835,17.6,74,83.7,80.1,60.5,64.1,72.3,2012
35,"University of California, Santa Barbara",United States of America,0.11,22020,27.3,55,52.6,65.3,99.9,85,72.1,2012
36,University of Edinburgh,United Kingdom,0.36,25774,14.1,63,79.8,61.4,92.3,41.3,72,2012
37,University of Melbourne,Australia,0.35,40128,23.7,62.2,82.5,72.4,80.7,44.4,71.9,2012
38,Australian National University,Australia,0.35,14604,19.2,62.8,93.8,75.1,72.6,41.7,71.2,2012
38,"University of California, Davis",United States of America,0.13,35364,13.9,68,51.4,68.7,83.4,52.5,71.2,2012
40,National University of Singapore,Singapore,0.34,31592,15.5,65.7,93,79,63.4,60.7,70.9,2012
43,University of North Carolina at Chapel Hill,United States of America,0.08,26518,7.3,67.6,20.2,62.6,92.6,35.5,69.3,2012
44,New York University,United States of America,0.19,42056,6.8,60.2,38.1,65.4,92.3,30.9,69,2012
45,LMU Munich,Germany,0.13,35691,15.5,63.8,54.3,59.9,84.6,40.7,67.6,2012
46,École Polytechnique Fédérale de Lausanne,Switzerland,0.54,9666,10.5,53.1,98.9,43.9,95.3,46.7,66.3,2012
47,London School of Economics and Political Science,United Kingdom,0.1544,23873,18.45,66.4,96,75.4,50.6,41.1,66,2012
48,University of Manchester,United Kingdom,0.34,34938,15.3,59,80.4,61.1,75.6,37.7,65.7,2012
49,Brown University,United States of America,0.19,8653,10.1,59.8,33.4,53.6,93.9,34.9,65.6,2012
49,Peking University,China,0.14,40148,8.3,82.3,51.7,64.1,51,99.9,65.6,2012
51,Pennsylvania State University,United States of America,0.12,44501,12.4,53.5,29.5,66.7,83.4,61.6,64.9,2012
52,Kyoto University,Japan,0.07,22809,5.6,76.4,21.1,72,56.3,71.7,64.8,2012
53,Pohang University of Science and Technology,South Korea,0.04,3055,10.1,56.4,25,51.9,92.3,100,64.6,2012
54,Boston University,United States of America,0.17,24789,8.6,60.7,37.2,46.2,95.6,27.6,64.2,2012
55,University of Southern California,United States of America,0.2,36534,12.9,65.8,41.1,48.7,80.2,99.3,64,2012
56,King’s College London,United Kingdom,0.37,21394,11.4,49.8,90,54.2,80.9,40.8,63.2,2012
57,Ohio State University,United States of America,0.12,51462,13.4,61.8,42.2,56.2,77.5,49.9,63,2012
58,University of Sydney,Australia,0.28,41868,20.2,55.4,88.1,65.7,57.2,92.1,62.4,2012
59,University of Pittsburgh,United States of America,0.1,26485,5.8,54.3,26.5,53.9,88.7,37.5,62,2012
59,École Normale Supérieure,France,0.2,2400,7.9,56.6,66.2,33.5,96.4,44.7,62,2012
61,University of Zurich,Switzerland,0.19,26583,6.5,56.7,87.4,45.9,78.4,43.5,61.9,2012
62,Hong Kong University of Science and Technology,Hong Kong,0.36,11385,23.8,51,80.1,58.6,71,59,61.7,2012
63,École Polytechnique,France,0.3,2429,4.8,50.4,86.1,38.8,89.1,63,61.5,2012
64,University of Massachusetts,United States of America,0.11,56959,13,54,27.3,58.3,80.1,53.2,61.1,2012
65,McMaster University,Canada,0.15,23823,19.3,41.9,72,49.9,85.5,97.5,61,2012
66,University of Bristol,United Kingdom,0.25,17906,14,44.2,73.7,47.7,89.9,34.8,60.9,2012
67,KU Leuven,Belgium,0.18,42503,41.9,52.5,56.7,64.7,63,99.9,60.8,2012
68,Utrecht University,Netherlands,0.07,30779,15.4,42.8,58.1,53.2,85.7,59.3,60.4,2012
69,University of Göttingen,Germany,0.12,25581,25.6,51.4,48,50.9,84.1,32.7,60.3,2012
70,Vanderbilt University,United States of America,0.1,12161,3.6,52.1,26.8,47.6,86.8,64.4,59.6,2012
71,Tsinghua University,China,0.1,39763,13.7,74.1,33.4,70.1,37.4,99.8,59.5,2012
72,Rice University,United States of America,0.26,6333,9,45.9,39.7,38,99.9,36.2,59,2012
73,Heidelberg University,Germany,0.17,28881,24.5,57.1,62.3,41.5,78.5,37.6,58.7,2012
74,The University of Queensland,Australia,0.27,34718,32.7,47.5,80.8,52.3,70.2,62.6,58.6,2012
75,Emory University,United States of America,0.18,12338,4.5,48.4,37.3,39.8,90.9,34.4,57.4,2012
75,Wageningen University and Research Center,Netherlands,0.21,9248,17,50.1,75.9,47.6,66.3,100,57.4,2012
77,Tufts University,United States of America,0.14,10410,10,45.8,41.3,37.4,94.5,35.4,57.3,2012
79,Leiden University,Netherlands,0.1,21222,17.1,45.4,54.4,55.3,71.7,48.6,57,2012
80,Lund University,Sweden,0.15,28251,11.5,40.4,61.2,58.5,72.8,32.6,56.9,2012
81,University of Rochester,United States of America,0.26,9390,4.5,47,45.7,33.5,94.5,36.4,56.8,2012
83,Durham University,United Kingdom,0.24,15489,15.7,32.5,75.8,37.9,96.2,30.5,56.4,2012
84,Pierre and Marie Curie University,France,0.18,27862,8.7,56.3,66.7,30.5,81.1,26.2,56,2012
85,University of St Andrews,United Kingdom,0.47,8338,12.7,37.1,89.1,40.2,83,34.1,55.7,2012
86,"University of California, Irvine",United States of America,0.16,26614,16.1,36.2,36.3,42.3,93.5,45.6,55.4,2012
87,Uppsala University,Sweden,0.12,25266,18.2,47.2,59.1,65.1,53.3,43.4,55.2,2012
88,Technical University of Munich,Germany,0.2,35565,31.5,50,65.2,37.1,76.3,47.2,55.1,2012
89,University of Notre Dame,United States of America,0.1,11829,13.8,42.6,33.1,36.2,94.1,27.3,55,2012
91,University of Helsinki,Finland,0.06,23505,15.1,39.3,46.8,54.2,75.1,28.9,54.8,2012
92,University of Amsterdam,Netherlands,0.11,24570,14.4,41.7,56.4,54.7,68.3,42.5,54.7,2012
94,Korea Advanced Institute of Science and Technology (KAIST),South Korea,0.09,9027,10,64.2,29.3,54.6,47.1,100,54.5,2012
94,"University of Maryland, College Park",United States of America,0.09,31331,8.4,41.1,35.3,43.6,85.8,28.5,54.5,2012
96,Michigan State University,United States of America,0.15,44750,15.7,47.4,34,49.6,73.6,28,54.4,2012
97,University of Arizona,United States of America,0.08,36429,12.7,45.1,28.4,43,78.3,86,54.2,2012
99,University of Sussex,United Kingdom,0.35,12001,17.4,30.6,79.8,34.8,92,28.1,53.9,2012
100,University of Alberta,Canada,0.23,36299,21.6,50.6,71.9,54.4,51.7,53.7,53.7,2012
101,University of Sheffield,United Kingdom,0.31,23311,15.5,44.6,68.2,46,67.5,40.2,53.6,2012
102,University of Glasgow,United Kingdom,0.29,22616,16,37.5,68.1,41,77.5,61.4,53.4,2012
103,University of Cape Town,South Africa,0.18,20040,12.1,34.3,73.9,41.1,75.3,97.5,53.2,2012
104,Delft University of Technology,Netherlands,0.25,15920,19.4,53.5,71.3,66.1,31.2,100,53.1,2012
104,University of Montreal,Canada,0.25,38264,20.3,54.5,79.5,47,48.7,81.3,53.1,2012
106,Ghent University,Belgium,0.09,32166,34.1,41.1,47.3,52.2,63.4,97.8,53,2012
107,"Royal Holloway, University of London",United Kingdom,0.37,8747,15.9,28.6,93.3,24.1,98.2,25.9,52.9,2012
108,Tokyo Institute of Technology,Japan,0.13,9586,7.3,56,24.9,58.9,49.5,66.3,52.8,2012
110,"University of California, Santa Cruz",United States of America,0.01,17404,22.7,28.5,29.8,36.6,99.9,29.5,52.5,2012
111,University of Basel,Switzerland,0.24,12551,17.3,38.9,92.4,21.9,86,48.6,52.2,2012
112,University of Bern,Switzerland,0.14,14708,22.5,43,77.6,34.6,73.5,38.2,52.1,2012
114,Stony Brook University,United States of America,0.24,21908,10.9,37.7,56.5,28.7,88.3,29.2,51.4,2012
115,Eindhoven University of Technology,Netherlands,0.14,8176,16,35.6,67.3,48,62.1,100,51.3,2012
116,University of Lausanne,Switzerland,0.22,11964,13.1,27.5,86.7,40.4,77.8,40.3,51.2,2012
117,Monash University,Australia,0.36,50882,40.5,40.5,75.8,48.5,57.1,62.2,51.1,2012
117,Trinity College Dublin,Republic of Ireland,0.25,15521,18,30.3,89.4,23.5,91.7,29.7,51.1,2012
119,Osaka University,Japan,0.09,23144,7.8,61.8,21.1,56.5,40,75,51,2012
120,Tohoku University,Japan,0.07,17200,5,57.7,25.6,55.7,42.9,78.9,50.8,2012
121,Hebrew University of Jerusalem,Israel,0.05,17612,10.7,47.7,53,56.4,48.4,25,50.4,2012
121,University of York,United Kingdom,0.1544,23873,18.45,36.7,72.7,38.8,71.6,33.9,50.4,2012
124,Seoul National University,South Korea,0.1,26389,13.9,64.6,16.3,50.8,44,42.6,50.1,2012
125,Aarhus University,Denmark,0.14,23895,13.6,30.7,69.3,49,64,67,50,2012
127,Arizona State University,United States of America,0.09,83236,29.9,38.2,26.1,39,80.3,28.7,49.9,2012
127,Queen Mary University of London,United Kingdom,0.4,14260,14,29,88.8,28.6,83.7,36.6,49.9,2012
127,University of Southampton,United Kingdom,0.29,20925,13.5,35.6,78.3,35.5,72.5,39.3,49.9,2012
130,University of Geneva,Switzerland,0.39,15668,15,34.9,97.5,39,65.1,32.7,49.8,2012
131,Lancaster University,United Kingdom,0.33,11512,14.9,32.6,78.6,35.7,75.4,27.5,49.7,2012
131,Stockholm University,Sweden,0.08,31715,23.7,25,48.8,36,90.2,26.8,49.7,2012
133,University of Leeds,United Kingdom,0.21,27703,14.7,44.6,64.8,43.9,57.1,36.4,49.5,2012
134,University of Groningen,Netherlands,0.12,24556,25.6,32.4,47.3,52.4,62.4,59.9,49.2,2012
135,University of Copenhagen,Denmark,0.19,27545,4.1,37.8,74.8,31.6,72.1,37,49,2012
135,University of Virginia,United States of America,0.12,23845,10.2,37,26.4,42.2,74.7,34.7,49,2012
139,University of Vienna,Austria,0.25,34651,20.5,49.5,86.6,41.2,45.2,25.4,47.9,2012
140,University of Nottingham,United Kingdom,0.27,30144,15,40.2,72.6,40,57.6,36.7,47.7,2012
141,École Normale Supérieure de Lyon,France,0.14,2218,8,35.3,58.8,21.4,85.1,25.1,47.6,2012
143,"University of California, Riverside",United States of America,0.12,20626,22,27.8,30,30.9,89.6,31,47.5,2012
144,Rensselaer Polytechnic Institute,United States of America,0.16,6671,15,31.7,32.7,40.4,73.6,49,47.4,2012
145,University of East Anglia,United Kingdom,0.28,14992,14.7,26.5,68.5,26.1,85.6,28,47.3,2012
146,Newcastle University,United Kingdom,0.29,20174,15.2,34.2,76.2,28.4,72.2,32.3,47,2012
146,William & Mary,United States of America,0.07,7867,11.8,40,19.7,18.9,90.7,27,47,2012
148,University of Birmingham,United Kingdom,0.23,25295,16.4,42.6,70.3,42.6,50.6,36,46.9,2012
149,"Birkbeck, University of London",United Kingdom,0.38,9454,17.2,25.9,85.3,25.8,80.8,25.1,46.8,2012
150,Brandeis University,United States of America,0.22,5495,12.6,25.3,40.3,27.3,90.2,33.7,46.7,2012
151,Chinese University of Hong Kong,Hong Kong,0.22,17916,10.2,47,69.5,50.2,37.8,36.4,46.6,2012
151,Free University of Berlin,Germany,0.2,33062,39.3,46.3,62.1,48.5,42.5,30.6,46.6,2012
151,University of Aberdeen,United Kingdom,0.33,12938,15.8,30.6,84.8,32.2,67.7,44.4,46.6,2012
154,National Taiwan University,Taiwan,0.07,31891,11.9,47.8,20.7,58.5,39.2,40,46.2,2012
156,University of Exeter,United Kingdom,0.28,17755,18.8,31.3,73.4,33.3,67.8,35.4,46.1,2012
157,Erasmus University Rotterdam,Netherlands,0.18,20580,18.9,28.8,65,27.2,77.4,45,46,2012
157,University of Warwick,United Kingdom,0.37,18529,16.6,39.7,85.5,44.5,45,31.3,46,2012
159,Radboud University Nijmegen,Netherlands,0.1,17713,13,27.7,52.3,43.8,65.5,33.1,45.9,2012
159,University College Dublin,Republic of Ireland,0.23,22193,24.5,25.2,83.2,23.7,80.5,32.3,45.9,2012
159,VU University Amsterdam,Netherlands,0.06,23280,16.3,30.4,48,35.3,70.2,63.2,45.9,2012
162,Medical University of South Carolina,United States of America,0.1544,23873,18.45,43.9,23.9,38.9,56.6,87.8,45.8,2012
162,Wake Forest University,United States of America,0.05,7326,4.6,36.4,17.2,21.6,86.1,49.1,45.8,2012
164,Texas A&M University,United States of America,0.09,50657,21.4,42.3,36,51.8,45.7,43.8,45.7,2012
164,University of Reading,United Kingdom,0.28,12050,14.8,36.9,75.1,38.6,55.4,31.6,45.7,2012
166,Tel Aviv University,Israel,0.04,23977,24.4,47.3,30.1,60.7,33,35,45.4,2012
167,University of Illinois at Chicago,United States of America,0.17,24313,9.2,53.3,27.2,43.9,43.3,38.6,45.2,2012
168,RWTH Aachen University,Germany,0.16,37917,27.6,36.1,67.1,25.1,67.2,61.8,45.1,2012
169,Nanyang Technological University,Singapore,0.33,25028,16.2,41.4,89.8,47.8,34.5,44.4,45,2012
169,Université Catholique de Louvain,Belgium,0.19,28856,42,29.2,72.5,34.7,65.5,30.8,45,2012
173,Queen’s University,Canada,0.1,20488,22.1,39.7,65,36.1,49.3,87.5,44.6,2012
173,University of Auckland,New Zealand,0.28,29787,18.9,28.3,92.9,35,55.7,76.6,44.6,2012
173,University of New South Wales,Australia,0.33,38309,25.9,36.1,85.1,40.2,46.8,53.1,44.6,2012
176,University of Dundee,United Kingdom,0.25,11628,15.3,20.8,62.5,20.1,87.1,55.3,44.5,2012
177,University of Victoria,Canada,0.11,17581,21.5,16.8,70.5,31.5,79.2,26.8,44.2,2012
178,Technical University of Denmark,Denmark,0.18,9990,5,31.9,65.2,24.1,66.8,95.7,44.1,2012
178,University of São Paulo,Brazil,0.04,81402,14.6,61.7,22.9,58,18.8,33.3,44.1,2012
180,University of Delaware,United States of America,0.1,19262,15.9,26.4,29.8,37.2,66.7,98,43.8,2012
181,Goethe University Frankfurt,Germany,0.15,31861,9.3,30.5,57.6,21.7,75.1,42.4,43.6,2012
181,University of Liverpool,United Kingdom,0.3,18815,13.6,34.8,73.1,33.5,55.6,37.1,43.6,2012
181,University of Oslo,Norway,0.18,27139,18.8,33.5,63.9,36.9,56.6,29,43.6,2012
184,Iowa State University,United States of America,0.11,29991,17.4,32.8,28.3,30.1,70.4,49.2,43.4,2012
185,University of Ottawa,Canada,0.15,36733,26.3,38.9,49.6,34.8,54.8,36.9,43.2,2012
186,Pompeu Fabra University,Spain,0.13,10901,18.3,23.4,54.3,16.1,87.6,37.6,43.1,2012
187,KTH Royal Institute of Technology,Sweden,0.21,12062,14.6,40.9,82.1,39.5,34.1,100,43,2012
187,University of Tübingen,Germany,0.12,28327,38.9,34.4,58.1,24.1,67.6,31,43,2012
189,University of Freiburg,Germany,0.16,26467,31.2,35.7,55.6,18.7,67.8,81.8,42.9,2012
189,University of Western Australia,Australia,0.27,20851,20.7,32.1,90,35.8,47.8,58.7,42.9,2012
191,University of Bergen,Norway,0.12,11623,11.1,29,73.5,26.6,65.2,42.1,42.8,2012
192,University of Science and Technology of China,China,0.02,14290,7.9,38.9,14.8,23.5,73.6,29.7,42.7,2012
193,City University of Hong Kong,Hong Kong,0.28,10015,7.1,30.2,61.6,35,57.4,50.1,42.6,2012
194,University of Konstanz,Germany,0.12,10930,59.1,29,63.7,29.7,62.8,49.9,42.5,2012
195,Boston College,United States of America,0.19,13216,17.4,26.5,41.4,18.9,83.5,24.2,42.4,2012
196,Karlsruhe Institute of Technology,Germany,0.16,25294,24.6,34.6,64.9,19.6,65.5,35.6,41.6,2012
197,Georgia Health Sciences University,United States of America,0.1544,23873,18.45,49,32.1,14.2,63.5,40.7,41.5,2012
197,University of Leicester,United Kingdom,0.35,14541,13.4,27.6,84.9,30.3,56.3,34.4,41.5,2012
200,University of Twente,Netherlands,0.26,6631,12,32.9,56.2,30.4,54.4,76.8,41.4,2012
1,California Institute of Technology,United States of America,0.27,2243,6.9,96.3,59.8,99.4,99.7,95.6,95.5,2013
2,Stanford University,United States of America,0.22,15596,7.8,95,56.6,98.8,99.3,62.4,93.7,2013
2,University of Oxford,United Kingdom,0.34,19919,11.6,89.7,88.7,98.1,95.6,79.8,93.7,2013
4,Harvard University,United States of America,0.25,20152,8.9,94.9,63.7,98.6,99.2,39.9,93.6,2013
5,Massachusetts Institute of Technology,United States of America,0.33,11074,9,92.9,81.6,89.2,99.9,92.9,93.1,2013
6,Princeton University,United States of America,0.27,7929,8.4,89.5,54.5,99.4,99.8,79.5,92.7,2013
7,University of Cambridge,United Kingdom,0.34,18812,11.8,91.2,83.6,95.6,96.2,59.1,92.6,2013
8,Imperial College London,United Kingdom,0.51,15060,11.7,88,91.4,90.9,93,87.5,90.6,2013
9,"University of California, Berkeley",United States of America,0.15,36186,16.4,85.1,49.7,99.3,99.3,65.4,90.5,2013
11,Yale University,United States of America,0.2,11751,4.4,93.2,54.7,92.5,94.8,38.2,89.2,2013
15,University of Pennsylvania,United States of America,0.2,20376,6.5,90,38.1,89.4,96.2,43.7,86.6,2013
16,Johns Hopkins University,United States of America,0.23,15128,3.6,81.8,57.3,85.5,95.3,100,85.6,2013
17,University College London,United Kingdom,0.46,26607,10.7,83.5,89,88.8,86.8,45.1,85.5,2013
18,Cornell University,United States of America,0.19,21424,10.2,77,53.8,92.1,91.8,39.5,83.3,2013
19,Northwestern University,United States of America,0.15,18334,13.8,77.6,33.8,87.3,98.2,64.4,83.1,2013
20,University of Michigan,United States of America,0.16,41786,9,76.1,47.6,91.4,91.6,53.9,82.6,2013
21,University of Toronto,Canada,0.15,66198,19.5,79.6,65.1,89.4,85.1,42.9,82.2,2013
22,Carnegie Mellon University,United States of America,0.35,11885,13.1,71.8,51.4,87,95.5,55.9,81.5,2013
23,Duke University,United States of America,0.17,15172,4.8,72.3,45.8,81.5,97,100,81.2,2013
24,University of Washington,United States of America,0.13,44020,11.8,74.7,39.1,81.3,97,41.3,79.9,2013
25,Georgia Institute of Technology,United States of America,0.26,19967,20.1,70.2,66.3,79.5,90.3,74.9,78.8,2013
25,University of Texas at Austin,United States of America,0.09,49427,17.4,75.5,42.1,80.7,91,57.9,78.8,2013
27,University of Tokyo,Japan,0.1,26199,5.7,87.9,27.6,89.9,71.3,59,78.3,2013
28,University of Melbourne,Australia,0.35,40128,23.7,68.4,77.2,82.5,83.7,67.6,77.9,2013
29,National University of Singapore,Singapore,0.34,31592,15.5,74.4,92.3,87.2,67.2,77.4,77.5,2013
30,University of British Columbia,Canada,0.25,50152,17.6,69.1,82.1,80.4,84,42.4,77.3,2013
31,University of Wisconsin-Madison,United States of America,0.11,39655,10.8,76.1,29.8,80.1,88.2,54.8,76.9,2013
32,University of Edinburgh,United Kingdom,0.36,25774,14.1,68.4,78.9,71.3,90.8,43.8,76.1,2013
34,McGill University,Canada,0.23,31326,13.7,74.4,75.9,80.4,75.2,40.3,75.7,2013
35,"University of California, Santa Barbara",United States of America,0.11,22020,27.3,56.1,58.3,73.5,99.4,100,75.6,2013
35,University of Hong Kong,Hong Kong,0.38,19835,17.6,78.4,81.7,85.9,62.1,62.5,75.6,2013
37,Australian National University,Australia,0.35,14604,19.2,68.6,90,83.5,73.5,39.6,75.4,2013
38,"University of California, San Diego",United States of America,0.11,27233,6.5,63.4,34.2,79,96.2,43.9,75.2,2013
39,London School of Economics and Political Science,United Kingdom,0.1544,23873,18.45,70.8,87.2,80.8,66.5,42.9,73.1,2013
40,École Polytechnique Fédérale de Lausanne,Switzerland,0.54,9666,10.5,62.4,98.8,57,95,49.8,73,2013
41,New York University,United States of America,0.19,42056,6.8,73.8,38.7,67.4,89.2,29.5,72.8,2013
42,Karolinska Institute,Sweden,0.22,7774,11.5,66.3,64.5,75.7,77.3,71.4,72.4,2013
42,University of North Carolina at Chapel Hill,United States of America,0.08,26518,7.3,70.4,32.9,69.3,90.1,40,72.4,2013
44,"University of California, Davis",United States of America,0.13,35364,13.9,67.9,51.7,71.6,82.7,52.5,71.8,2013
46,Peking University,China,0.14,40148,8.3,81.5,54.1,67.9,64.3,99.9,70.7,2013
48,LMU Munich,Germany,0.13,35691,15.5,65.4,54.7,66.5,85.5,42,70.4,2013
49,University of Manchester,United Kingdom,0.34,34938,15.3,65.9,77.9,67.7,76.9,43.2,70.1,2013
50,Pohang University of Science and Technology,South Korea,0.04,3055,10.1,63.9,28.8,63.9,88.2,100,69.4,2013
51,Brown University,United States of America,0.19,8653,10.1,63.7,36.9,60.3,94.1,29.9,68.9,2013
52,Tsinghua University,China,0.1,39763,13.7,74.5,37.2,76.4,55.2,99.2,67.1,2013
53,Ohio State University,United States of America,0.12,51462,13.4,66.7,46.3,60.9,80.1,49.5,67,2013
54,Boston University,United States of America,0.17,24789,8.6,65.4,39.2,50.9,94.2,30.6,66.8,2013
54,Kyoto University,Japan,0.07,22809,5.6,77.1,26.3,74.8,57.8,76.4,66.8,2013
56,University of Southern California,United States of America,0.2,36534,12.9,68.4,43.4,57.1,81.9,33.5,66.3,2013
57,King’s College London,United Kingdom,0.37,21394,11.4,53.5,86,59.3,82.8,42.4,66.2,2013
58,KU Leuven,Belgium,0.18,42503,41.9,59.7,56.6,71,67.2,99.7,66.1,2013
59,Seoul National University,South Korea,0.1,26389,13.9,76.7,27,81.4,48,81.7,65.9,2013
59,École Normale Supérieure,France,0.2,2400,7.9,61.6,67.3,46.9,90.3,47.2,65.9,2013
61,Pennsylvania State University,United States of America,0.12,44501,12.4,55,34.9,69.2,81.4,59.7,65.8,2013
62,University of Sydney,Australia,0.28,41868,20.2,59.5,83,70.1,62.9,69.2,65.7,2013
62,École Polytechnique,France,0.3,2429,4.8,56.5,83,54.7,80.7,75.8,65.7,2013
64,Leiden University,Netherlands,0.1,21222,17.1,54,54.8,67.1,78.4,46.1,65.1,2013
65,Hong Kong University of Science and Technology,Hong Kong,0.36,11385,23.8,56.9,78.1,64.6,68.9,55.6,64.4,2013
65,The University of Queensland,Australia,0.27,34718,32.7,54.4,77.8,66.1,69.6,64,64.4,2013
67,Utrecht University,Netherlands,0.07,30779,15.4,48,47.3,64.7,82.4,82.6,64.1,2013
68,Korea Advanced Institute of Science and Technology (KAIST),South Korea,0.09,9027,10,69.9,31.1,68.9,58.4,100,64,2013
70,University of Göttingen,Germany,0.12,25581,25.6,50,51,52.5,92.5,34.4,63.2,2013
70,Wageningen University and Research Center,Netherlands,0.21,9248,17,54.9,79.2,53.7,73.8,100,63.2,2013
72,Erasmus University Rotterdam,Netherlands,0.18,20580,18.9,44.5,62.8,64.1,80.2,62,62.9,2013
72,University of Massachusetts,United States of America,0.11,56959,13,57.1,31.7,62.6,77.8,52.8,62.9,2013
74,University of Bristol,United Kingdom,0.25,17906,14,50.1,71.9,51.7,85.4,38.7,62.5,2013
75,Rice University,United States of America,0.26,6333,9,49.5,59,39.3,100,36.5,62,2013
76,University of Pittsburgh,United States of America,0.1,26485,5.8,54.6,29.4,55.1,85.2,39.3,61.7,2013
77,Delft University of Technology,Netherlands,0.25,15920,19.4,59.9,67.7,75.1,45.1,99.9,61.6,2013
78,Heidelberg University,Germany,0.17,28881,24.5,61.4,61.3,49,75.5,40.7,61.4,2013
79,Emory University,United States of America,0.18,12338,4.5,56.7,36.6,44.4,90.9,38.3,61.3,2013
80,Durham University,United Kingdom,0.24,15489,15.7,42.3,77.7,44.5,93.3,34.3,60.7,2013
81,Pierre and Marie Curie University,France,0.18,27862,8.7,59.2,64.4,43.5,80.6,28.6,60.5,2013
82,Lund University,Sweden,0.15,28251,11.5,43.6,64.4,61.3,77.1,34.2,60.3,2013
83,University of Amsterdam,Netherlands,0.11,24570,14.4,45.6,57,61.3,75.1,49,60.1,2013
84,University of Montreal,Canada,0.25,38264,20.3,54,74.6,57.9,60.9,95,59.8,2013
85,University of New South Wales,Australia,0.33,38309,25.9,52.6,84.8,63.8,56.7,50.5,59.6,2013
86,Nanyang Technological University,Singapore,0.33,25028,16.2,45.7,90.5,66.9,54.5,99.5,59.4,2013
87,Tufts University,United States of America,0.14,10410,10,52.6,39.6,36.4,94.8,39.4,59.1,2013
88,McMaster University,Canada,0.15,23823,19.3,42.3,66.9,47.9,81.7,98,59,2013
89,University of Groningen,Netherlands,0.12,24556,25.6,43.8,49.8,61,71.6,85.2,58.8,2013
89,University of Zurich,Switzerland,0.19,26583,6.5,50,84.1,41.6,80,38.3,58.8,2013
92,Paris-Sud University,France,0.17,27603,15,48,63.9,45.9,82.9,28.4,58.6,2013
93,Ghent University,Belgium,0.09,32166,34.1,46.4,49.1,56.7,71.3,95.9,58.4,2013
94,Michigan State University,United States of America,0.15,44750,15.7,51.8,36.8,56.8,73.8,32.6,58.3,2013
94,University of Notre Dame,United States of America,0.1,11829,13.8,48.3,41.6,39.6,93.5,29.8,58.3,2013
96,"University of California, Irvine",United States of America,0.16,26614,16.1,44,35.2,47.2,90.3,42.1,58.2,2013
97,"University of Maryland, College Park",United States of America,0.09,31331,8.4,44.9,40.4,51.4,83.9,32.1,57.9,2013
98,University of Arizona,United States of America,0.08,36429,12.7,47,31.3,53.7,76.9,83.9,57.7,2013
99,Monash University,Australia,0.36,50882,40.5,47.8,66.4,60.6,60.9,70,57.5,2013
99,"Rutgers, the State University of New Jersey",United States of America,0.08,37032,17.3,50.9,27.9,61.3,69.5,35.8,57.5,2013
102,University of Rochester,United States of America,0.26,9390,4.5,46,45.9,37.8,92.3,39.6,57.2,2013
103,University of York,United Kingdom,0.1544,23873,18.45,41.9,71.9,43.9,83.4,38.4,57.1,2013
105,Technical University of Munich,Germany,0.2,35565,31.5,51.2,61.5,42.4,76.5,49.7,56.8,2013
106,Uppsala University,Sweden,0.12,25266,18.2,48.6,56.3,63.9,58.2,44.1,56.6,2013
106,Vanderbilt University,United States of America,0.1,12161,3.6,51.5,27.5,40.9,85,53,56.6,2013
108,University of St Andrews,United Kingdom,0.47,8338,12.7,43.2,86.3,43.8,76.6,38.9,56.5,2013
109,University of Helsinki,Finland,0.06,23505,15.1,42.8,48.3,53,77.7,31.1,56.4,2013
110,Trinity College Dublin,Republic of Ireland,0.25,15521,18,41.9,84.5,33.5,88.1,32.8,56.2,2013
110,University of Sheffield,United Kingdom,0.31,23311,15.5,49.5,68.1,46.2,71,41.5,56.2,2013
110,University of Sussex,United Kingdom,0.35,12001,17.4,34.9,76.7,39.5,91.1,32.1,56.2,2013
113,University of Cape Town,South Africa,0.18,20040,12.1,34.7,75.1,45.5,79.7,87.3,55.8,2013
114,Eindhoven University of Technology,Netherlands,0.14,8176,16,44.1,69.8,51.8,63.8,100,55.6,2013
115,Maastricht University,Netherlands,0.48,15626,18.9,39.7,85.2,53.2,62.5,99.1,55.5,2013
116,Aarhus University,Denmark,0.14,23895,13.6,35.7,66.4,54.6,71.6,69.7,55.3,2013
117,Stockholm University,Sweden,0.08,31715,23.7,31.3,52.2,43.8,93,32,55.2,2013
118,University of Virginia,United States of America,0.12,23845,10.2,55.9,27.9,43,73.5,48.6,55,2013
119,"Royal Holloway, University of London",United Kingdom,0.37,8747,15.9,30.5,92.5,27.7,99,31.9,54.9,2013
120,University of Nottingham,United Kingdom,0.27,30144,15,48.1,70.1,50.8,62.8,38.3,54.8,2013
121,University of Alberta,Canada,0.23,36299,21.6,50.9,67.6,53.9,56.6,50.6,54.7,2013
124,Chinese University of Hong Kong,Hong Kong,0.22,17916,10.2,53.7,62.6,63.1,45.1,44.5,54.4,2013
124,Dartmouth College,United States of America,0.16,6178,6.6,47.5,31.5,35.9,87,38.6,54.4,2013
124,University of Warwick,United Kingdom,0.37,18529,16.6,48.9,80.9,50.5,58.8,35.3,54.4,2013
127,Radboud University Nijmegen,Netherlands,0.1,17713,13,35.7,53.4,54.3,73.3,41.7,54,2013
128,Free University of Berlin,Germany,0.2,33062,39.3,53.1,60.9,56.5,51.5,32.8,53.7,2013
128,Tokyo Institute of Technology,Japan,0.13,9586,7.3,58,29.6,56.1,52,65.3,53.7,2013
130,University of Copenhagen,Denmark,0.19,27545,4.1,42.2,73.5,40.4,74.3,39.7,53.6,2013
130,University of Lausanne,Switzerland,0.22,11964,13.1,33,82.7,44.8,76.2,45.8,53.6,2013
130,University of Southampton,United Kingdom,0.29,20925,13.5,37.9,77.4,38.9,79.2,41.8,53.6,2013
133,University of Geneva,Switzerland,0.39,15668,15,36.2,95.3,42.5,73.1,32.4,53.5,2013
134,National Taiwan University,Taiwan,0.07,31891,11.9,56.4,24.6,65.7,45.5,44,53.2,2013
134,University of Utah,United States of America,0.09,25674,16.9,43.3,25.2,41.3,81,63.3,53.2,2013
137,Hebrew University of Jerusalem,Israel,0.05,17612,10.7,48.8,50.3,55.8,57,33.6,53.1,2013
137,Tohoku University,Japan,0.07,17200,5,57.7,32,55.6,48.9,80.7,53.1,2013
139,University of Glasgow,United Kingdom,0.29,22616,16,37.3,69.7,40.2,78.1,44.1,53,2013
140,KTH Royal Institute of Technology,Sweden,0.21,12062,14.6,47.5,86.1,49.7,49.1,100,52.9,2013
140,VU University Amsterdam,Netherlands,0.06,23280,16.3,40.5,47.1,45.1,74.2,58.5,52.9,2013
142,University of Basel,Switzerland,0.24,12551,17.3,37.1,89.8,23.2,87.8,64.2,52.8,2013
142,University of Leeds,United Kingdom,0.21,27703,14.7,41.5,66.6,48.6,65.8,41.3,52.8,2013
144,University of Freiburg,Germany,0.16,26467,31.2,48.3,54.9,33,72.4,81.1,52.3,2013
145,Lancaster University,United Kingdom,0.33,11512,14.9,37.7,76.2,40.9,73.2,31.8,52.1,2013
145,Queen Mary University of London,United Kingdom,0.4,14260,14,33.1,87,30,85.4,42.7,52.1,2013
147,Osaka University,Japan,0.09,23144,7.8,59.5,23.6,55.7,46.4,69.6,52,2013
148,Arizona State University,United States of America,0.09,83236,29.9,38.4,27.4,45.2,79.9,31.8,51.9,2013
149,Technical University of Denmark,Denmark,0.18,9990,5,37.9,77,30,76.9,98.7,51.7,2013
151,Karlsruhe Institute of Technology,Germany,0.16,25294,24.6,46.3,64.5,38.9,63.4,82.9,51.5,2013
151,University of Bern,Switzerland,0.14,14708,22.5,43,77.3,36,69.7,42,51.5,2013
153,University of Exeter,United Kingdom,0.28,17755,18.8,33.2,74.1,38.1,78.1,37.1,51.3,2013
154,RWTH Aachen University,Germany,0.16,37917,27.6,45.3,53.9,32.4,73.8,63.1,51.1,2013
154,"University of California, Riverside",United States of America,0.12,20626,22,29.1,62.8,32.5,90.3,33.5,51.1,2013
156,Texas A&M University,United States of America,0.09,50657,21.4,46.4,47.2,58.3,49.3,45.5,50.9,2013
158,Tel Aviv University,Israel,0.04,23977,24.4,50.7,39.5,59.8,43.7,49.2,50.5,2013
158,University of Birmingham,United Kingdom,0.23,25295,16.4,44.8,69.7,46.7,56.3,38.4,50.5,2013
158,University of São Paulo,Brazil,0.04,81402,14.6,63,24.5,65.7,30.2,40,50.5,2013
161,University of Auckland,New Zealand,0.28,29787,18.9,34,88,40.9,64.2,76.6,50.3,2013
162,Stony Brook University,United States of America,0.24,21908,10.9,38.8,52.8,29.9,82.9,31.6,50.2,2013
162,University of Vienna,Austria,0.25,34651,20.5,44.3,86.3,46.7,52.4,29.1,50.2,2013
164,Université Catholique de Louvain,Belgium,0.19,28856,42,38.6,64.3,40.5,68.8,34.5,50,2013
165,University of Delaware,United States of America,0.1,19262,15.9,30,37.3,41.6,76.6,97.7,49.7,2013
167,University of Texas at Dallas,United States of America,0.23,16306,22.8,32.6,46.8,32.2,85.2,40,49.5,2013
168,George Washington University,United States of America,0.16,20541,12,48.1,36.6,28,77.1,30,49.4,2013
170,École Normale Supérieure de Lyon,France,0.14,2218,8,40.8,61,25.9,79.6,28.9,49.2,2013
171,University of Liverpool,United Kingdom,0.3,18815,13.6,38.7,73.7,37.5,64.8,46.4,49,2013
171,University of Ottawa,Canada,0.15,36733,26.3,40.8,58.1,41.4,63.1,43,49,2013
174,Rensselaer Polytechnic Institute,United States of America,0.16,6671,15,36.2,32.9,40.2,73,66.8,48.9,2013
176,University of Aberdeen,United Kingdom,0.33,12938,15.8,31.9,84.1,34.3,71.5,48.9,48.8,2013
176,University of Adelaide,Australia,0.26,20771,30.1,37.3,82.2,43.7,55.9,63.2,48.8,2013
176,University of East Anglia,United Kingdom,0.28,14992,14.7,29.6,68.9,27.7,85.5,30.7,48.8,2013
176,University of Reading,United Kingdom,0.28,12050,14.8,39.3,72.4,41.1,61.3,35.2,48.8,2013
180,Joseph Fourier University,France,0.13,16130,12.1,36.6,56.3,26.5,81.8,36.3,48.6,2013
180,Newcastle University,United Kingdom,0.29,20174,15.2,37.9,74.4,30.5,72.1,37.4,48.6,2013
182,City University of Hong Kong,Hong Kong,0.28,10015,7.1,35.2,64,41.8,64.1,53.6,48.5,2013
183,Yonsei University,South Korea,0.14,24774,11.6,48.3,33.4,50.6,48.6,56.1,48.2,2013
184,Colorado School of Mines,United States of America,0.12,5287,18.2,24.9,51.2,22.5,94.3,66,48,2013
184,University of Illinois at Chicago,United States of America,0.17,24313,9.2,53.9,29.1,42.6,52.9,40.4,48,2013
184,William & Mary,United States of America,0.07,7867,11.8,41.3,25.8,22.6,87.1,29.9,48,2013
187,University College Dublin,Republic of Ireland,0.23,22193,24.5,31.1,76.5,31.8,74.9,35.3,47.9,2013
187,University of Twente,Netherlands,0.26,6631,12,35.8,61.5,46.4,55.6,79.7,47.9,2013
189,Medical University of South Carolina,United States of America,0.1544,23873,18.45,46.2,27.7,39.6,59.7,77.1,47.7,2013
190,University of Western Australia,Australia,0.27,20851,20.7,35,88.4,39.9,55.7,60,47.3,2013
190,Wake Forest University,United States of America,0.05,7326,4.6,37.5,19,22.4,89.1,48,47.3,2013
192,University of Antwerp,Belgium,0.16,12346,30.3,33.8,58.5,35.5,64.8,100,47.1,2013
193,Iowa State University,United States of America,0.11,29991,17.4,35.7,30.5,34.3,74.9,44,46.9,2013
193,Technion Israel Institute of Technology,Israel,0.04,13855,19.4,44.8,55.9,50.2,44,40.8,46.9,2013
196,University of Leicester,United Kingdom,0.35,14541,13.4,33,83.7,32.5,66.5,34.9,46.7,2013
196,University of Victoria,Canada,0.11,17581,21.5,20.2,65.9,33.7,82.7,30.6,46.7,2013
198,University at Buffalo,United States of America,0.19,25668,19,46.3,50.7,40.6,52.1,42.4,46.6,2013
199,Goethe University Frankfurt,Germany,0.15,31861,9.3,33.3,57.6,29.7,73.9,41.4,46.4,2013
200,"Birkbeck, University of London",United Kingdom,0.38,9454,17.2,27.6,83.2,30.5,72.8,29.4,46.2,2013
1,California Institute of Technology,United States of America,0.27,2243,6.9,94.4,65.8,98.2,99.8,91.2,94.9,2014
2,Harvard University,United States of America,0.25,20152,8.9,95.3,66.2,98.5,99.1,40.6,93.9,2014
2,University of Oxford,United Kingdom,0.34,19919,11.6,89,90.2,98.5,95.4,90.3,93.9,2014
4,Stanford University,United States of America,0.22,15596,7.8,94.7,68,96.8,99.1,61.3,93.8,2014
5,Massachusetts Institute of Technology,United States of America,0.33,11074,9,92.9,82,89,100,94.3,93,2014
6,Princeton University,United States of America,0.27,7929,8.4,89.9,59.6,97.6,99.7,80.5,92.7,2014
7,University of Cambridge,United Kingdom,0.34,18812,11.8,90.6,86.7,95.3,95.7,52.8,92.3,2014
8,"University of California, Berkeley",United States of America,0.15,36186,16.4,83.2,57.3,97.5,99.3,59.5,89.8,2014
10,Imperial College London,United Kingdom,0.51,15060,11.7,84.5,91.8,88.1,90,72.3,87.5,2014
11,Yale University,United States of America,0.2,11751,4.4,89.5,57.6,90.5,93.5,38.7,87.4,2014
14,ETH Zurich – Swiss Federal Institute of Technology Zurich,Switzerland,0.37,18178,14.7,77.6,96.7,88.2,85,78.8,84.5,2014
15,Johns Hopkins University,United States of America,0.23,15128,3.6,75.7,59.3,85.1,95,100,83.7,2014
16,University of Pennsylvania,United States of America,0.2,20376,6.5,79.8,40.6,81.2,95,45.2,81,2014
17,Duke University,United States of America,0.17,15172,4.8,73.9,50,73,96.7,100,79.3,2014
18,University of Michigan,United States of America,0.16,41786,9,70,49.5,86.2,90.8,53.5,79.2,2014
19,Cornell University,United States of America,0.19,21424,10.2,72.1,55.6,83.8,90.8,35.8,79.1,2014
20,University of Toronto,Canada,0.15,66198,19.5,73.6,70,81.5,84.5,45.8,78.3,2014
21,University College London,United Kingdom,0.46,26607,10.7,70.5,90.2,77.5,84.1,46.8,77.6,2014
22,Northwestern University,United States of America,0.15,18334,13.8,70.2,34.4,76,97.1,61.9,77.1,2014
23,University of Tokyo,Japan,0.1,26199,5.7,84.7,29.6,88,69.8,56.7,76.4,2014
24,Carnegie Mellon University,United States of America,0.35,11885,13.1,63.1,58.1,77.4,93.9,52.5,76,2014
25,University of Washington,United States of America,0.13,44020,11.8,65.6,43.2,69.2,95.6,43.1,73.4,2014
26,National University of Singapore,Singapore,0.34,31592,15.5,68,94.3,77.8,66.4,64.3,72.4,2014
27,University of Texas at Austin,United States of America,0.09,49427,17.4,64.7,42.4,69,91.3,59.6,72.2,2014
28,Georgia Institute of Technology,United States of America,0.26,19967,20.1,59.4,67.8,68.6,87.9,71.3,71.6,2014
30,University of Wisconsin-Madison,United States of America,0.11,39655,10.8,69.8,32.3,67.7,87.2,51.2,71.1,2014
31,University of British Columbia,Canada,0.25,50152,17.6,59.9,84.2,67.9,83.7,43.1,70.8,2014
32,London School of Economics and Political Science,United Kingdom,0.1544,23873,18.45,65.2,81.7,74.2,69.2,43.6,69.8,2014
33,"University of California, Santa Barbara",United States of America,0.11,22020,27.3,47.8,61.8,58.2,99.4,86.7,68.4,2014
34,University of Melbourne,Australia,0.35,40128,23.7,57.1,81.3,64.2,80.2,65.1,68.2,2014
35,McGill University,Canada,0.23,31326,13.7,61.5,77.8,68.1,74.5,40.8,68.1,2014
36,Karolinska Institute,Sweden,0.22,7774,11.5,58.1,73.2,67.7,76,68.7,67.8,2014
37,École Polytechnique Fédérale de Lausanne,Switzerland,0.54,9666,10.5,52.9,98.2,48.3,95.9,49.2,67.7,2014
38,King’s College London,United Kingdom,0.37,21394,11.4,56.2,86,56.8,87.6,38.3,67.6,2014
39,University of Edinburgh,United Kingdom,0.36,25774,14.1,56.6,81.5,56.9,87.6,42.5,67.5,2014
40,New York University,United States of America,0.19,42056,6.8,65.4,41.8,58.4,87.9,29.9,67.4,2014
40,"University of California, San Diego",United States of America,0.11,27233,6.5,52,35.6,63,96.7,48.4,67.4,2014
43,University of Hong Kong,Hong Kong,0.38,19835,17.6,61.6,80.3,69.9,61.5,56.9,65.3,2014
44,Seoul National University,South Korea,0.1,26389,13.9,76.4,29.4,79.2,47.3,86,65.2,2014
45,Peking University,China,0.14,40148,8.3,72.3,60.6,58.1,62.8,99.9,65,2014
47,University of North Carolina at Chapel Hill,United States of America,0.08,26518,7.3,57.6,35,55.3,90.2,39.1,64.5,2014
48,Australian National University,Australia,0.35,14604,19.2,51.8,91.4,65.1,71.2,44.8,64.4,2014
49,Pennsylvania State University,United States of America,0.12,44501,12.4,55.3,33.7,65.9,79.4,60,64.2,2014
50,Boston University,United States of America,0.17,24789,8.6,56.5,44.2,46.1,95.3,31.1,63.5,2014
50,Tsinghua University,China,0.1,39763,13.7,66.8,42.6,65.9,59.9,99.9,63.5,2014
52,Brown University,United States of America,0.19,8653,10.1,55.4,37.7,52,91.3,33.5,63.2,2014
52,Kyoto University,Japan,0.07,22809,5.6,69.5,27.5,69.5,58.2,78.7,63.2,2014
52,"University of California, Davis",United States of America,0.13,35364,13.9,55.5,53.7,56.4,81.2,51.3,63.2,2014
55,LMU Munich,Germany,0.13,35691,15.5,55.4,56.3,54.1,83.3,41.4,63.1,2014
56,Korea Advanced Institute of Science and Technology (KAIST),South Korea,0.09,9027,10,65.6,34.3,60,67,100,62.9,2014
57,Hong Kong University of Science and Technology,Hong Kong,0.36,11385,23.8,52.4,77,59.7,72.3,58.5,62.5,2014
58,University of Manchester,United Kingdom,0.34,34938,15.3,54.5,80.9,52.2,77.3,40.8,62.3,2014
59,Ohio State University,United States of America,0.12,51462,13.4,58.3,48.1,52.9,79.4,47.7,62,2014
60,Pohang University of Science and Technology,South Korea,0.04,3055,10.1,54.2,33.8,49,85.7,100,61.7,2014
61,KU Leuven,Belgium,0.18,42503,41.9,48.6,58.6,59.9,72.9,99.9,61.3,2014
63,The University of Queensland,Australia,0.27,34718,32.7,43.4,79.7,58,73.3,61,59.9,2014
63,University of Göttingen,Germany,0.12,25581,25.6,45.1,51.5,48.8,89.6,41.2,59.9,2014
65,Rice University,United States of America,0.26,6333,9,44.1,67.7,35.5,99.9,35.2,59.8,2014
65,École Normale Supérieure,France,0.2,2400,7.9,54.6,67.1,37.1,87,44.7,59.8,2014
67,Leiden University,Netherlands,0.1,21222,17.1,41.9,58.5,53.2,84.2,49.8,59.4,2014
68,Heidelberg University,Germany,0.17,28881,24.5,57.8,61.3,44.8,76,42.1,59.2,2014
69,Delft University of Technology,Netherlands,0.25,15920,19.4,55.8,74.2,67.3,47.2,100,59.1,2014
70,University of Southern California,United States of America,0.2,36534,12.9,58.7,43.4,43.2,81.2,34.6,59,2014
70,École Polytechnique,France,0.3,2429,4.8,46.3,86.1,40.5,82.3,74,59,2014
72,University of Sydney,Australia,0.28,41868,20.2,47.4,84.8,55.4,66.6,66.3,58.8,2014
73,Erasmus University Rotterdam,Netherlands,0.18,20580,18.9,37.8,66.6,53.3,81.2,56,58.1,2014
74,University of Basel,Switzerland,0.24,12551,17.3,39.1,91.1,41,81.4,98.5,57.7,2014
74,Utrecht University,Netherlands,0.07,30779,15.4,36.3,49.2,54.7,82,85.6,57.7,2014
76,Nanyang Technological University,Singapore,0.33,25028,16.2,37.7,91,54.3,67.5,100,57.2,2014
77,Wageningen University and Research Center,Netherlands,0.21,9248,17,43.1,78.3,44.3,74.1,100,56.8,2014
78,University of Pittsburgh,United States of America,0.1,26485,5.8,48.6,29.4,45.4,84.4,39.4,56.7,2014
79,University of Bristol,United Kingdom,0.25,17906,14,39.6,75,41.2,84.9,38,56.3,2014
80,Durham University,United Kingdom,0.24,15489,15.7,38.3,76.8,38.3,88.2,35.3,56.1,2014
80,Emory University,United States of America,0.18,12338,4.5,50.4,42.4,31.6,90.8,43.2,56.1,2014
80,Tufts University,United States of America,0.14,10410,10,46.7,43.4,32.1,93.9,39.1,56.1,2014
83,Michigan State University,United States of America,0.15,44750,15.7,50,52.6,49.1,71.5,32,55.9,2014
83,University of Amsterdam,Netherlands,0.11,24570,14.4,38.3,58.3,54.1,75,50.2,55.9,2014
85,Ghent University,Belgium,0.09,32166,34.1,41,49.5,48.9,74.9,94.6,55.5,2014
86,Free University of Berlin,Germany,0.2,33062,39.3,43.8,58.7,58,64.8,34.4,55.3,2014
87,Technical University of Munich,Germany,0.2,35565,31.5,48.2,63.1,35.2,80.7,50.1,55.2,2014
88,Vanderbilt University,United States of America,0.1,12161,3.6,46.8,28.6,38.7,86.5,51,55,2014
90,University of Notre Dame,United States of America,0.1,11829,13.8,41.2,47.5,34.7,91.8,31.2,54.7,2014
91,Monash University,Australia,0.36,50882,40.5,42.5,78.3,48.9,65.4,67,54.6,2014
92,McMaster University,Canada,0.15,23823,19.3,35.3,68,42.7,79.4,86.9,54.5,2014
93,"University of California, Irvine",United States of America,0.16,26614,16.1,37.1,36.4,40.8,89.7,44.9,54.1,2014
95,University of Rochester,United States of America,0.26,9390,4.5,42.8,50.7,29.9,89.7,41.4,53.6,2014
96,Pierre and Marie Curie University,France,0.18,27862,8.7,50.2,65.5,26.7,82.3,34.4,53.5,2014
98,Maastricht University,Netherlands,0.48,15626,18.9,33.1,89.1,47.1,65.8,98.2,52.9,2014
98,University of Groningen,Netherlands,0.12,24556,25.6,36,53,48.6,71.1,87.6,52.9,2014
100,University of Helsinki,Finland,0.06,23505,15.1,35.5,51.3,46.5,77.8,30.7,52.6,2014
100,University of York,United Kingdom,0.1544,23873,18.45,31.7,73.6,33.2,89.4,33.3,52.6,2014
102,"Royal Holloway, University of London",United Kingdom,0.37,8747,15.9,30.4,92.6,21.2,97.5,33.1,52.5,2014
103,"Rutgers, the State University of New Jersey",United States of America,0.08,37032,17.3,43.4,31.4,50.1,70.4,35.4,52.4,2014
103,Stockholm University,Sweden,0.08,31715,23.7,28.6,53.4,41.4,88.7,31.5,52.4,2014
103,University of Arizona,United States of America,0.08,36429,12.7,39.4,38,44.4,74.6,82.3,52.4,2014
106,Eindhoven University of Technology,Netherlands,0.14,8176,16,37.3,68.7,47.9,63.6,100,52.3,2014
106,University of Montreal,Canada,0.25,38264,20.3,45.7,75.6,42.9,59.3,90.9,52.3,2014
108,"University of Maryland, College Park",United States of America,0.09,31331,8.4,39,42.4,37.2,84.4,32.1,52.2,2014
109,Chinese University of Hong Kong,Hong Kong,0.22,17916,10.2,45.5,66.9,54.7,52.4,46.4,52,2014
109,University of Alberta,Canada,0.23,36299,21.6,44.6,70.1,47.8,59.3,46.8,52,2014
111,Uppsala University,Sweden,0.12,25266,18.2,38.9,57.8,49.7,66.4,40.5,51.9,2014
112,University of Sheffield,United Kingdom,0.31,23311,15.5,40.6,71.6,38.1,72.4,42.7,51.8,2014
112,University of Virginia,United States of America,0.12,23845,10.2,49.7,30.2,33.9,77.5,49.4,51.8,2014
114,Paris-Sud University,France,0.17,27603,15,35.9,62,32.1,86.3,28.8,51.7,2014
114,Queen Mary University of London,United Kingdom,0.4,14260,14,31,88,29.2,87,37.7,51.7,2014
114,University of New South Wales,Australia,0.33,38309,25.9,38.8,83.5,50.1,58,52.6,51.7,2014
117,KTH Royal Institute of Technology,Sweden,0.21,12062,14.6,45,86.2,41.6,55.6,100,51.6,2014
117,Technical University of Denmark,Denmark,0.18,9990,5,38.9,77.4,26.9,78.7,98.7,51.6,2014
117,University of Glasgow,United Kingdom,0.29,22616,16,34.5,73.7,36.6,79.2,40.8,51.6,2014
117,University of St Andrews,United Kingdom,0.47,8338,12.7,36.9,88.8,32.2,77.3,40.3,51.6,2014
121,University of Sussex,United Kingdom,0.35,12001,17.4,29.5,80.1,32.2,86.3,31.3,51.2,2014
121,University of Zurich,Switzerland,0.19,26583,6.5,38,85.5,29.8,78.1,39.2,51.2,2014
123,Lund University,Sweden,0.15,28251,11.5,30.1,67.4,48.6,72,33.5,51.1,2014
124,University of Geneva,Switzerland,0.39,15668,15,31.4,96.7,33.9,77.2,38.3,51,2014
125,Tokyo Institute of Technology,Japan,0.13,9586,7.3,52.4,32.1,51.4,52,67.5,50.8,2014
126,Dartmouth College,United States of America,0.16,6178,6.6,38.5,32.7,34.5,83.6,42.3,50.5,2014
126,University of Cape Town,South Africa,0.18,20040,12.1,26.3,77.2,31,84.6,85.6,50.5,2014
129,RWTH Aachen University,Germany,0.16,37917,27.6,40.4,55.5,31.3,76,73.9,50.3,2014
129,Trinity College Dublin,Republic of Ireland,0.25,15521,18,33.1,85.9,25.2,85.4,30.8,50.3,2014
131,Radboud University Nijmegen,Netherlands,0.1,17713,13,29.7,58.6,46.1,73.1,42.5,50.2,2014
132,University of Lausanne,Switzerland,0.22,11964,13.1,27.3,84.5,39.7,74.5,52.7,50.1,2014
132,University of Massachusetts,United States of America,0.11,56959,13,40.7,33.1,38.9,74.6,52,50.1,2014
135,Boston College,United States of America,0.19,13216,17.4,26.3,54.4,26.4,96.2,49.4,50,2014
137,Lancaster University,United Kingdom,0.33,11512,14.9,34.8,81.2,32.6,75.4,32.2,49.7,2014
138,Aarhus University,Denmark,0.14,23895,13.6,30.7,67.2,46.4,65.8,67.5,49.6,2014
139,Colorado School of Mines,United States of America,0.12,5287,18.2,22.7,47.3,27.2,97.1,74.8,49.5,2014
139,University of Leeds,United Kingdom,0.21,27703,14.7,34.9,68.5,38.2,71.3,42.1,49.5,2014
141,University of Warwick,United Kingdom,0.37,18529,16.6,39.8,82.9,42.4,58.7,34.6,49.4,2014
142,National Taiwan University,Taiwan,0.07,31891,11.9,47.1,27.3,58.3,47.8,47.1,49.2,2014
143,University of Utah,United States of America,0.09,25674,16.9,39.4,25.5,36.1,76.6,61.3,49.1,2014
144,Osaka University,Japan,0.09,23144,7.8,52.5,27.6,47.6,50.4,71.2,49,2014
144,VU University Amsterdam,Netherlands,0.06,23280,16.3,33.1,49.2,38.8,74.1,59.8,49,2014
146,Arizona State University,United States of America,0.09,83236,29.9,33.8,28.6,35.9,83.6,31.4,48.9,2014
146,University of Southampton,United Kingdom,0.29,20925,13.5,33.2,79.1,31.4,75.4,38.6,48.9,2014
148,"University of California, Riverside",United States of America,0.12,20626,22,25.9,62.2,25.8,91.8,37.6,48.7,2014
148,University of Exeter,United Kingdom,0.28,17755,18.8,29.2,76.7,32.8,78.3,37.2,48.7,2014
150,Tohoku University,Japan,0.07,17200,5,51.8,29.3,48.1,47.3,85.9,48.5,2014
150,University of Copenhagen,Denmark,0.19,27545,4.1,33.9,76,32,73.1,43,48.5,2014
152,University of Freiburg,Germany,0.16,26467,31.2,40.1,55.9,28.4,71.8,86.6,48.4,2014
153,University of Birmingham,United Kingdom,0.23,25295,16.4,42.8,72.2,39.6,57.5,36.7,48.3,2014
154,Karlsruhe Institute of Technology,Germany,0.16,25294,24.6,39,61.9,33.6,64.8,83,48,2014
155,Joseph Fourier University,France,0.13,16130,12.1,39.1,57.1,27.6,75.6,36.1,47.8,2014
156,École Normale Supérieure de Lyon,France,0.14,2218,8,37.1,63.3,35.2,67.7,30,47.5,2014
157,University of Bern,Switzerland,0.14,14708,22.5,38.9,78.5,31.4,64.3,45.1,47.4,2014
157,University of Nottingham,United Kingdom,0.27,30144,15,38.4,70.3,36.3,62.3,39.2,47.4,2014
159,Texas A&M University,United States of America,0.09,50657,21.4,43,46.8,50.2,48.6,47.5,47.2,2014
160,Georgetown University,United States of America,0.14,15408,8.5,51.9,43.6,25.6,62.3,71.9,47,2014
161,University College Dublin,Republic of Ireland,0.23,22193,24.5,27.1,79.6,29,77,33.1,46.7,2014
161,University of Leicester,United Kingdom,0.35,14541,13.4,32.5,81.6,32.9,66.9,33.7,46.7,2014
164,Brandeis University,United States of America,0.22,5495,12.6,28.8,50.6,24.3,86.5,36.8,46.6,2014
164,Pompeu Fabra University,Spain,0.13,10901,18.3,27,51.7,27.1,85.2,37.3,46.6,2014
164,University of Antwerp,Belgium,0.16,12346,30.3,34.5,61.1,33.2,64.1,100,46.6,2014
164,University of Auckland,New Zealand,0.28,29787,18.9,26.7,88,33.5,67,74.5,46.6,2014
168,University of Western Australia,Australia,0.27,20851,20.7,34.6,88.6,34.7,58,63.3,46.4,2014
169,University of Liverpool,United Kingdom,0.3,18815,13.6,31.1,75,31.2,70.3,37.7,46.3,2014
170,University of Twente,Netherlands,0.26,6631,12,32.7,65.5,43.8,54.3,81.8,46.2,2014
170,University of Vienna,Austria,0.25,34651,20.5,35.8,89.5,36.1,57.4,29.3,46.2,2014
172,Université Catholique de Louvain,Belgium,0.19,28856,42,30.1,63.4,35.3,67.5,57.8,46.1,2014
174,University of Delaware,United States of America,0.1,19262,15.9,27,37.1,35.5,73.6,98.1,46,2014
174,University of East Anglia,United Kingdom,0.28,14992,14.7,27.2,72.3,24,81.7,29.5,46,2014
176,University at Buffalo,United States of America,0.19,25668,19,40.2,55.4,39.3,56.2,39.4,45.9,2014
178,Paris Diderot University – Paris 7,France,0.17,27756,14.8,24,67,19.1,90.2,29.1,45.8,2014
178,Stony Brook University,United States of America,0.24,21908,10.9,32.5,57.8,22.9,80.3,32.3,45.8,2014
180,Wake Forest University,United States of America,0.05,7326,4.6,36.1,23.7,21.8,85.1,38.8,45.7,2014
181,Rensselaer Polytechnic Institute,United States of America,0.16,6671,15,30.7,35.6,35.5,71.5,65.6,45.6,2014
183,Iowa State University,United States of America,0.11,29991,17.4,35.6,38.8,32.4,71.5,28.2,45.5,2014
184,Northeastern University,United States of America,0.26,18539,15.1,34.5,48.5,19.8,82,34.5,45.4,2014
185,University of Oslo,Norway,0.18,27139,18.8,32.4,70.3,33,65.4,32.5,45.3,2014
185,University of Ottawa,Canada,0.15,36733,26.3,36.5,62.4,34.8,60.6,41.6,45.3,2014
188,University of Aberdeen,United Kingdom,0.33,12938,15.8,27.9,83.6,26.8,71.3,45.1,45.2,2014
188,University of Texas at Dallas,United States of America,0.23,16306,22.8,25.5,46.8,28.6,81.2,44.4,45.2,2014
190,Yonsei University,South Korea,0.14,24774,11.6,44.5,35,47,44.2,70.1,45.1,2014
191,Hebrew University of Jerusalem,Israel,0.05,17612,10.7,42.8,52.9,37,54.3,33.3,45,2014
191,University of Illinois at Chicago,United States of America,0.17,24313,9.2,45.5,43.3,34.9,56.2,31.1,45,2014
193,Mines ParisTech,France,0.22,1283,5.6,41.6,58.7,22.5,62.7,99.1,44.9,2014
194,George Washington University,United States of America,0.16,20541,12,45.6,36,26.3,65.9,30,44.8,2014
194,University of Reading,United Kingdom,0.28,12050,14.8,36,70.6,34.1,58.7,34.4,44.8,2014
196,University of Dundee,United Kingdom,0.25,11628,15.3,22.5,65.7,21.4,84.9,46.5,44.7,2014
197,Florida Institute of Technology,United States of America,0.26,4408,13.7,15.9,61.5,14.5,99,44.7,44.6,2014
198,Newcastle University,United Kingdom,0.29,20174,15.2,29.7,76.3,28.3,68.1,36.9,44.5,2014
199,Boğaziçi University,Turkey,0.07,11506,25,20.5,49.8,22.8,88.2,45.9,44.3,2014
199,Tel Aviv University,Israel,0.04,23977,24.4,39.9,43.3,48.3,44.8,44.7,44.3,2014
1,California Institute of Technology,United States of America,0.27,2243,6.9,92.2,67,98.1,99.7,89.1,94.3,2015
2,Harvard University,United States of America,0.25,20152,8.9,92.9,67.6,98.6,98.9,44,93.3,2015
3,University of Oxford,United Kingdom,0.34,19919,11.6,88.6,90.7,97.7,95.5,72.9,93.2,2015
4,Stanford University,United States of America,0.22,15596,7.8,91.5,69,96.7,99.1,63.1,92.9,2015
5,University of Cambridge,United Kingdom,0.34,18812,11.8,89.7,87.8,95.6,95.2,51.1,92,2015
6,Massachusetts Institute of Technology,United States of America,0.33,11074,9,89.1,84.3,88.2,100,95.7,91.9,2015
7,Princeton University,United States of America,0.27,7929,8.4,86.6,61.2,94.7,99.6,82.7,90.9,2015
8,"University of California, Berkeley",United States of America,0.15,36186,16.4,84.2,58.5,96.7,99.1,44.8,89.5,2015
9,Imperial College London,United Kingdom,0.51,15060,11.7,84.6,92.7,88.3,89.4,72.7,87.5,2015
9,Yale University,United States of America,0.2,11751,4.4,88.5,59.8,90.8,94,42,87.5,2015
11,University of Chicago,United States of America,0.21,14221,6.9,83.9,65.2,89.9,97.3,36.8,87.1,2015
13,ETH Zurich – Swiss Federal Institute of Technology Zurich,Switzerland,0.37,18178,14.7,78.2,96.6,90.2,83.5,73.2,84.6,2015
15,Johns Hopkins University,United States of America,0.23,15128,3.6,75.6,59.7,84.2,93.6,100,83,2015
16,University of Pennsylvania,United States of America,0.2,20376,6.5,79,43.8,82,94.4,43,81,2015
17,University of Michigan,United States of America,0.16,41786,9,77,49.8,86.5,88.9,55.7,80.9,2015
18,Duke University,United States of America,0.17,15172,4.8,73.5,50.5,75.2,96.6,100,79.9,2015
19,Cornell University,United States of America,0.19,21424,10.2,71.6,59,83.8,91.5,33.7,79.4,2015
20,University of Toronto,Canada,0.15,66198,19.5,74.4,71.2,85.1,83,46.1,79.3,2015
21,Northwestern University,United States of America,0.15,18334,13.8,72.7,36.7,78.9,96.9,77,79.2,2015
22,University College London,United Kingdom,0.46,26607,10.7,70.4,90.6,80.4,85.1,46.2,78.7,2015
23,University of Tokyo,Japan,0.1,26199,5.7,81.4,32.4,85.1,74.7,51.2,76.1,2015
24,Carnegie Mellon University,United States of America,0.35,11885,13.1,61.6,59.3,74.9,92,53,74.3,2015
25,National University of Singapore,Singapore,0.34,31592,15.5,72,94.9,78.1,66,53.4,73.3,2015
26,University of Washington,United States of America,0.13,44020,11.8,64.5,47.9,68.9,95,44.7,73.2,2015
27,Georgia Institute of Technology,United States of America,0.26,19967,20.1,62.5,68.9,71.2,85.8,72.3,72.8,2015
28,University of Texas at Austin,United States of America,0.09,49427,17.4,64.3,33.1,72,91.5,58.1,72.3,2015
29,LMU Munich,Germany,0.13,35691,15.5,65.1,56.4,69.1,83,100,71.9,2015
29,University of Illinois at Urbana-Champaign,United States of America,0.2,42727,18.7,67.7,43.9,79,77.8,51.7,71.9,2015
29,University of Wisconsin-Madison,United States of America,0.11,39655,10.8,67.7,33.6,71.3,87.7,53.3,71.9,2015
32,University of British Columbia,Canada,0.25,50152,17.6,60.5,84.8,69,85.3,40.1,71.8,2015
33,University of Melbourne,Australia,0.35,40128,23.7,60.4,81.3,70.9,80.6,61.2,71.2,2015
34,London School of Economics and Political Science,United Kingdom,0.1544,23873,18.45,65.4,87.4,74.2,71.3,40.6,70.9,2015
34,École Polytechnique Fédérale de Lausanne,Switzerland,0.54,9666,10.5,54.7,98.8,56.9,95,61.9,70.9,2015
36,University of Edinburgh,United Kingdom,0.36,25774,14.1,58.9,84.3,62.9,88.3,41.2,70.4,2015
37,"University of California, Santa Barbara",United States of America,0.11,22020,27.3,49.4,64.3,61.4,99.2,87.1,70,2015
38,New York University,United States of America,0.19,42056,6.8,68.3,41.2,62.4,89.5,30.2,69.9,2015
39,McGill University,Canada,0.23,31326,13.7,63.3,79,69.9,76,38.6,69.6,2015
40,King’s College London,United Kingdom,0.37,21394,11.4,55.6,87,62.3,88.3,39,69.4,2015
41,"University of California, San Diego",United States of America,0.11,27233,6.5,52,37,66.6,96.4,54.2,68.6,2015
43,University of Hong Kong,Hong Kong,0.38,19835,17.6,62.1,81.9,72.6,65.1,56,67.5,2015
44,Karolinska Institute,Sweden,0.22,7774,11.5,57.1,60.6,68,76.8,65.5,66.8,2015
45,Australian National University,Australia,0.35,14604,19.2,53.7,91.3,70.9,71.1,38.9,66.5,2015
46,University of North Carolina at Chapel Hill,United States of America,0.08,26518,7.3,57.9,35.3,58.6,91,40.5,65.9,2015
48,Peking University,China,0.14,40148,8.3,70,53.7,61.9,63.7,100,65.2,2015
49,Tsinghua University,China,0.1,39763,13.7,64.1,44.6,68.3,65,99.7,65.1,2015
50,Seoul National University,South Korea,0.1,26389,13.9,75.5,30.3,77.1,48.7,86.3,64.8,2015
51,Hong Kong University of Science and Technology,Hong Kong,0.36,11385,23.8,51.8,77.8,66.8,72.9,57.6,64.7,2015
52,Korea Advanced Institute of Science and Technology (KAIST),South Korea,0.09,9027,10,63.5,34.9,63.2,71.4,100,64.5,2015
52,University of Manchester,United Kingdom,0.34,34938,15.3,58.1,82,58.7,74.3,39.4,64.5,2015
54,Brown University,United States of America,0.19,8653,10.1,55.5,37,54.2,92,32.7,64.1,2015
55,KU Leuven,Belgium,0.18,42503,41.9,53,62.3,63.6,71.8,99.9,63.7,2015
55,"University of California, Davis",United States of America,0.13,35364,13.9,54.4,52.9,59.7,80.4,55.4,63.7,2015
57,Boston University,United States of America,0.17,24789,8.6,56.4,47.8,46.7,94.4,30.3,63.6,2015
58,Pennsylvania State University,United States of America,0.12,44501,12.4,54.6,37.4,64.8,76,60.4,62.9,2015
59,Kyoto University,Japan,0.07,22809,5.6,70.4,29,68.4,57,73.3,62.8,2015
60,University of Sydney,Australia,0.28,41868,20.2,52.8,83.6,60.8,69,67.3,62.7,2015
61,Nanyang Technological University,Singapore,0.33,25028,16.2,43.9,92.5,55.9,75.9,100,62.2,2015
61,École Polytechnique,France,0.3,2429,4.8,50.5,94.5,47.1,79.9,76.8,62.2,2015
63,Scuola Normale Superiore di Pisa,Italy,0.05,462,16.5,48.2,50.1,46,96.4,40.1,61.9,2015
64,Leiden University,Netherlands,0.1,21222,17.1,45,59.5,58.2,82.3,47.3,61.3,2015
65,The University of Queensland,Australia,0.27,34718,32.7,45.8,80.4,58.4,74.2,66.2,61.2,2015
66,Pohang University of Science and Technology,South Korea,0.04,3055,10.1,52.7,36,49.3,84.4,100,61.1,2015
67,University of Göttingen,Germany,0.12,25581,25.6,46.9,53.9,48,92.3,32.8,61,2015
68,Ohio State University,United States of America,0.12,51462,13.4,54,51.5,51.1,80.4,46.8,60.7,2015
69,Rice University,United States of America,0.26,6333,9,41.7,70.8,37.1,99.9,34.6,59.8,2015
70,Heidelberg University,Germany,0.17,28881,24.5,52.6,63.1,45.4,81.4,41.6,59.6,2015
71,Delft University of Technology,Netherlands,0.25,15920,19.4,55.5,77.9,71.4,42.6,100,59.2,2015
72,Erasmus University Rotterdam,Netherlands,0.18,20580,18.9,39.8,66.2,53.7,82.3,54.4,59.1,2015
73,Wageningen University and Research Center,Netherlands,0.21,9248,17,44.3,78.7,46.8,77.5,100,59,2015
74,University of Bristol,United Kingdom,0.25,17906,14,43.7,76.6,44.7,85.1,42.1,58.9,2015
75,University of Basel,Switzerland,0.24,12551,17.3,41.2,91.2,41.1,81.4,97.7,58.4,2015
75,University of Southern California,United States of America,0.2,36534,12.9,55.2,42.7,44.6,81.3,34.4,58.4,2015
77,University of Amsterdam,Netherlands,0.11,24570,14.4,42,60.5,55.4,76.6,56.7,58.2,2015
78,École Normale Supérieure,France,0.2,2400,7.9,48.7,81.9,36.2,84.8,39.4,58.1,2015
79,Utrecht University,Netherlands,0.07,30779,15.4,38.2,52.9,54.8,80,84.1,58,2015
80,Humboldt University of Berlin,Germany,0.16,29987,52.5,51.9,55.7,52.6,71.9,31.9,57.9,2015
81,Free University of Berlin,Germany,0.2,33062,39.3,49.4,56.6,58,67.6,33.5,57.6,2015
82,Michigan State University,United States of America,0.15,44750,15.7,51.1,55,49.4,74,31.7,57.3,2015
83,Durham University,United Kingdom,0.24,15489,15.7,37.2,80.4,40.7,88.9,34.8,56.9,2015
83,Monash University,Australia,0.36,50882,40.5,43.7,79.6,54.4,65.7,73.4,56.9,2015
85,Middle East Technical University,Turkey,0.07,25779,22.2,45.5,38.7,36.9,92,55.2,56.6,2015
86,University of Arizona,United States of America,0.08,36429,12.7,44.9,38.8,51.4,74,99.6,56.5,2015
88,Tufts University,United States of America,0.14,10410,10,43.6,51.1,33.9,92.9,58.7,56.4,2015
88,"University of California, Irvine",United States of America,0.16,26614,16.1,39.5,56.1,41.7,89.5,40,56.4,2015
90,Ghent University,Belgium,0.09,32166,34.1,42.5,49.1,51.6,73.8,85.3,56.2,2015
91,University of Massachusetts,United States of America,0.11,56959,13,44.8,40.3,49.1,78.7,52.8,56.1,2015
91,University of Pittsburgh,United States of America,0.1,26485,5.8,45.2,32.2,46.3,84.4,38.5,56.1,2015
93,Emory University,United States of America,0.18,12338,4.5,49,42.9,32.4,89.5,42.3,55.5,2015
94,McMaster University,Canada,0.15,23823,19.3,38.1,69.4,43.2,78.8,85,55.3,2015
94,University of Glasgow,United Kingdom,0.29,22616,16,37,78.8,40.5,83.7,39.9,55.3,2015
96,Vanderbilt University,United States of America,0.1,12161,3.6,46,28.3,38.2,87.7,59.4,55.2,2015
98,Stockholm University,Sweden,0.08,31715,23.7,30.1,53.2,45,90.9,32.4,54.6,2015
98,Technical University of Munich,Germany,0.2,35565,31.5,45.6,64,37.4,78.8,49,54.6,2015
98,Uppsala University,Sweden,0.12,25266,18.2,40.2,57.5,53,70.9,39.6,54.6,2015
101,Maastricht University,Netherlands,0.48,15626,18.9,32.4,89.7,48.1,70.1,96.1,54.3,2015
103,Pierre and Marie Curie University,France,0.18,27862,8.7,47.3,64.7,30,83.3,33.4,53.9,2015
103,University of Helsinki,Finland,0.06,23505,15.1,37.5,49.7,48.1,79,31.5,53.9,2015
103,University of Warwick,United Kingdom,0.37,18529,16.6,41.1,85.7,45.8,68.2,35.6,53.9,2015
103,University of Zurich,Switzerland,0.19,26583,6.5,40.2,86.9,33.1,81.4,40.1,53.9,2015
107,Queen Mary University of London,United Kingdom,0.4,14260,14,32.4,88.6,32.9,88.9,37.1,53.8,2015
107,University of Geneva,Switzerland,0.39,15668,15,34.5,96.8,37.2,78.2,65.1,53.8,2015
109,"University of California, Santa Cruz",United States of America,0.01,17404,22.7,30.6,54.6,31.9,100,33.8,53.7,2015
109,University of New South Wales,Australia,0.33,38309,25.9,41.1,83.5,51.9,61.1,47.8,53.7,2015
111,University of St Andrews,United Kingdom,0.47,8338,12.7,35.7,90.5,35.9,81.4,39.8,53.6,2015
111,University of Sussex,United Kingdom,0.35,12001,17.4,31.9,83.6,30.4,92.8,31.2,53.6,2015
113,University of Montreal,Canada,0.25,38264,20.3,43.8,76.7,44.4,62.9,91.8,53.4,2015
113,University of Tübingen,Germany,0.12,28327,38.9,41.5,53,44.7,74,54.7,53.4,2015
113,University of York,United Kingdom,0.1544,23873,18.45,32.2,75,33.8,90.5,32.2,53.4,2015
117,University of Groningen,Netherlands,0.12,24556,25.6,36.9,56.1,50.8,68.1,88.9,53.1,2015
118,"Royal Holloway, University of London",United Kingdom,0.37,8747,15.9,29.1,94.4,22.4,98.9,32.8,53,2015
119,Lund University,Sweden,0.15,28251,11.5,32.6,70.1,48.5,74.9,32.6,52.9,2015
120,Paris-Sud University,France,0.17,27603,15,37.3,62.7,33.1,87.7,28.9,52.8,2015
121,Technical University of Denmark,Denmark,0.18,9990,5,39.9,79.7,28.2,79.6,98.6,52.7,2015
121,University of Rochester,United States of America,0.26,9390,4.5,41.9,55.5,29.2,87.7,36.4,52.7,2015
121,University of Sheffield,United Kingdom,0.31,23311,15.5,40,74.8,39.1,74.3,43.8,52.7,2015
124,University of Alberta,Canada,0.23,36299,21.6,43.8,73.4,47.1,61.8,51.8,52.6,2015
124,University of Cape Town,South Africa,0.18,20040,12.1,26.8,76.7,35.3,86.6,88,52.6,2015
126,Boston College,United States of America,0.19,13216,17.4,32.4,54.6,29.1,95.9,46.5,52.5,2015
126,KTH Royal Institute of Technology,Sweden,0.21,12062,14.6,45.7,84,44.8,55.1,100,52.5,2015
129,Chinese University of Hong Kong,Hong Kong,0.22,17916,10.2,43.9,64,53.5,57.8,42.8,52.4,2015
130,University of Virginia,United States of America,0.12,23845,10.2,48.7,31.8,35.9,76.9,49.8,52.1,2015
131,Lancaster University,United Kingdom,0.33,11512,14.9,35.4,84.7,36.1,78,34.1,52,2015
132,University of Bern,Switzerland,0.14,14708,22.5,42,80.7,36.9,70.1,47.4,51.9,2015
132,"University of Maryland, College Park",United States of America,0.09,31331,8.4,36.5,44.8,39.1,83.6,33.2,51.9,2015
132,University of Southampton,United Kingdom,0.29,20925,13.5,35.2,82.4,34.1,79.7,38.9,51.9,2015
135,TU Dresden,Germany,0.12,35487,37.4,39.8,44.7,42,70.8,99.5,51.6,2015
136,University of Lausanne,Switzerland,0.22,11964,13.1,29.4,85.1,39.9,76.5,50.9,51.4,2015
136,VU University Amsterdam,Netherlands,0.06,23280,16.3,35.5,50.6,43.2,74.9,60,51.4,2015
138,Trinity College Dublin,Republic of Ireland,0.25,15521,18,39.4,83.9,30.3,77.6,30.6,51.2,2015
139,Boğaziçi University,Turkey,0.07,11506,25,28.5,54.1,27.6,96.8,47.7,51.1,2015
140,Radboud University Nijmegen,Netherlands,0.1,17713,13,30.5,61.6,46.7,73.9,42.8,51,2015
141,Colorado School of Mines,United States of America,0.12,5287,18.2,26.1,52.6,26.7,97.1,79.4,50.9,2015
141,Texas A&M University,United States of America,0.09,50657,21.4,46.2,49.1,51.9,55.1,49.6,50.9,2015
141,Tokyo Institute of Technology,Japan,0.13,9586,7.3,53.5,37,52.9,48.1,69.4,50.9,2015
144,Eindhoven University of Technology,Netherlands,0.14,8176,16,38.3,69,47.1,57.3,99.9,50.5,2015
144,"Rutgers, the State University of New Jersey",United States of America,0.08,37032,17.3,40.5,34.3,45.3,71,35.2,50.5,2015
146,University of Leeds,United Kingdom,0.21,27703,14.7,39.4,67.6,39.1,69.3,39.4,50.4,2015
147,Brandeis University,United States of America,0.22,5495,12.6,25.8,54.7,29.1,95.3,43.9,50.3,2015
148,Sungkyunkwan University (SKKU),South Korea,0.09,24365,20.3,48.1,35.8,50.2,51.7,98.5,50.2,2015
148,University of Birmingham,United Kingdom,0.23,25295,16.4,42.8,75.8,39.8,62.7,36,50.2,2015
150,"University of California, Riverside",United States of America,0.12,20626,22,29.4,61.6,27.5,91.5,39.5,50.1,2015
152,Dartmouth College,United States of America,0.16,6178,6.6,38.3,33.1,35.4,80.4,49.1,50,2015
153,Aarhus University,Denmark,0.14,23895,13.6,30.9,66.3,47.5,66.5,59.8,49.9,2015
154,University of Exeter,United Kingdom,0.28,17755,18.8,32,79.8,32.7,78,35.8,49.7,2015
155,National Taiwan University,Taiwan,0.07,31891,11.9,48.8,27.5,57.3,47.7,43.8,49.3,2015
156,RWTH Aachen University,Germany,0.16,37917,27.6,39,56.8,29.9,75,69.8,49.2,2015
157,Osaka University,Japan,0.09,23144,7.8,51.3,29.1,48,51.1,73.6,49.1,2015
157,University of Liverpool,United Kingdom,0.3,18815,13.6,31.3,79.5,33.2,76.2,40,49.1,2015
157,University of Western Australia,Australia,0.27,20851,20.7,36.3,87.3,38.1,62.2,63.3,49.1,2015
160,University of Copenhagen,Denmark,0.19,27545,4.1,34,71.8,34.4,73.5,44.4,49,2015
160,École Normale Supérieure de Lyon,France,0.14,2218,8,38.1,64.4,33.8,73,29.3,49,2015
162,University of Utah,United States of America,0.09,25674,16.9,38.8,27.5,36.5,75,58.1,48.6,2015
163,University of Freiburg,Germany,0.16,26467,31.2,38,56.7,28.1,74,81.4,48.3,2015
164,University of Adelaide,Australia,0.26,20771,30.1,33.8,79.3,40.4,61.1,65.3,48.2,2015
165,Istanbul Technical University,Turkey,0.05,34550,16,30.2,37.3,36.9,79.7,51.1,48.1,2015
165,Karlsruhe Institute of Technology,Germany,0.16,25294,24.6,40.5,60.1,34.9,62.9,82.7,48.1,2015
165,Pompeu Fabra University,Spain,0.13,10901,18.3,25.1,63.2,28.3,88.3,35.9,48.1,2015
165,Tohoku University,Japan,0.07,17200,5,49.7,29.7,47.3,49.6,76.8,48.1,2015
170,University of Antwerp,Belgium,0.16,12346,30.3,34.6,61,33.6,67.7,100,47.9,2015
171,University of Nottingham,United Kingdom,0.27,30144,15,39.9,70.6,35.8,62.7,39.6,47.8,2015
171,Université Catholique de Louvain,Belgium,0.19,28856,42,37.9,59.7,34.9,67.7,46.1,47.8,2015
173,Georgetown University,United States of America,0.14,15408,8.5,51.1,43.3,28.2,62.2,80,47.7,2015
173,University of Victoria,Canada,0.11,17581,21.5,21.6,70.1,30.6,86.7,31.6,47.7,2015
175,University of Auckland,New Zealand,0.28,29787,18.9,28.6,87.3,33.4,68.4,74.2,47.5,2015
175,University of Iowa,United States of America,0.11,27526,11.6,41.9,31.7,33.5,71,49.3,47.5,2015
177,Syracuse University,United States of America,0.15,19660,15.9,32.4,41.2,24.4,87.1,40.6,47.3,2015
178,Joseph Fourier University,France,0.13,16130,12.1,38,57.3,29.3,73,31.3,47.1,2015
178,University of Aberdeen,United Kingdom,0.33,12938,15.8,28,84.1,30.2,74.3,42.1,47.1,2015
180,Paris Diderot University – Paris 7,France,0.17,27756,14.8,25.6,67.4,19.7,92.2,29.1,47,2015
180,University of Delaware,United States of America,0.1,19262,15.9,29,40.6,36.3,73.1,99.3,47,2015
182,Arizona State University,United States of America,0.09,83236,29.9,35.7,29.5,37.5,73.1,32.6,46.9,2015
182,Sabancı University,Turkey,0.06,2739,15.9,26,44.6,27.1,88.5,42.9,46.9,2015
182,University of Vienna,Austria,0.25,34651,20.5,35.2,91,39.7,56.3,29.4,46.9,2015
185,Northeastern University,United States of America,0.26,18539,15.1,36.4,54.7,21.9,81.3,34,46.8,2015
186,University of Oslo,Norway,0.18,27139,18.8,36.1,60.3,35.2,66.3,36.6,46.7,2015
188,Stony Brook University,United States of America,0.24,21908,10.9,32.8,60.5,24.4,80.4,31.3,46.6,2015
188,Tel Aviv University,Israel,0.04,23977,24.4,43.5,46.1,51.1,45.5,42.6,46.6,2015
188,University of Ottawa,Canada,0.15,36733,26.3,37.9,63.2,34.7,62.9,45.9,46.6,2015
191,University at Buffalo,United States of America,0.19,25668,19,40.1,57,39.8,57.5,39.6,46.5,2015
192,City University of Hong Kong,Hong Kong,0.28,10015,7.1,31,71.3,32.9,68.6,49.8,46.3,2015
193,Fudan University,China,0.11,32175,12.2,45.6,37.4,34,61,49.4,46.2,2015
193,Iowa State University,United States of America,0.11,29991,17.4,36.4,40.6,30.9,72,54.4,46.2,2015
196,Lomonosov Moscow State University,Russian Federation,0.2,30822,7.7,55.9,60.4,42.1,33.8,78.5,46,2015
196,"St George’s, University of London",United Kingdom,0.17,2958,13.4,23.1,55.8,27.3,86.4,32.4,46,2015
198,University of East Anglia,United Kingdom,0.28,14992,14.7,25.2,76.5,22.6,83.7,29.2,45.9,2015
199,University of Leicester,United Kingdom,0.35,14541,13.4,29.8,83.9,31.6,67.1,34.8,45.7,2015
200,Florida Institute of Technology,United States of America,0.26,4408,13.7,19.7,63,13.1,99.2,53.7,45.6,2015
200,George Washington University,United States of America,0.16,20541,12,44.6,39.9,25.1,70,29.3,45.6,2015
1,California Institute of Technology,United States of America,0.27,2243,6.9,95.6,64,97.6,99.8,97.8,95.2,2016
2,University of Oxford,United Kingdom,0.34,19919,11.6,86.5,94.4,98.9,98.8,73.1,94.2,2016
3,Stanford University,United States of America,0.22,15596,7.8,92.5,76.3,96.2,99.9,63.3,93.9,2016
4,University of Cambridge,United Kingdom,0.34,18812,11.8,88.2,91.5,96.7,97,55,92.8,2016
5,Massachusetts Institute of Technology,United States of America,0.33,11074,9,89.4,84,88.6,99.7,95.4,92,2016
6,Harvard University,United States of America,0.25,20152,8.9,83.6,77.2,99,99.8,45.2,91.6,2016
7,Princeton University,United States of America,0.27,7929,8.4,85.1,78.5,91.9,99.3,52.1,90.1,2016
8,Imperial College London,United Kingdom,0.51,15060,11.7,83.3,96,88.5,96.7,53.7,89.1,2016
9,ETH Zurich – Swiss Federal Institute of Technology Zurich,Switzerland,0.37,18178,14.7,77,97.9,95,91.1,80,88.3,2016
10,University of Chicago,United States of America,0.21,14221,6.9,85.7,65,88.9,99.2,36.6,87.9,2016
11,Johns Hopkins University,United States of America,0.23,15128,3.6,77.6,70,90.4,98.2,100,87.6,2016
12,Yale University,United States of America,0.2,11751,4.4,86.5,64.3,87.8,97.2,43.3,87.4,2016
13,"University of California, Berkeley",United States of America,0.15,36186,16.4,80.4,61.9,91.1,99.7,47.9,87.2,2016
14,University College London,United Kingdom,0.46,26607,10.7,78.1,94.4,91,94.2,40.5,87.1,2016
16,"University of California, Los Angeles",United States of America,0.15,38206,10.3,80.8,56.4,88.6,98.5,47.9,85.8,2016
17,University of Pennsylvania,United States of America,0.2,20376,6.5,82,49.5,86.9,98.6,47.9,85.2,2016
18,Cornell University,United States of America,0.19,21424,10.2,77.9,63.9,86.1,97.2,33.7,84,2016
19,University of Toronto,Canada,0.15,66198,19.5,75.9,77.8,89.3,90.9,49.1,83.9,2016
20,Duke University,United States of America,0.17,15172,4.8,76,56.5,78,99,100,82.7,2016
21,University of Michigan,United States of America,0.16,41786,9,76.8,53.7,85.2,94.4,56.3,82.4,2016
22,Carnegie Mellon University,United States of America,0.35,11885,13.1,67.4,57.1,88.8,99.1,57.5,82.3,2016
23,London School of Economics and Political Science,United Kingdom,0.1544,23873,18.45,69.8,93.6,80.6,94.3,32.2,81.3,2016
24,University of Edinburgh,United Kingdom,0.36,25774,14.1,68.6,89.8,77.2,96.3,36.1,80.3,2016
25,Northwestern University,United States of America,0.15,18334,13.8,69.8,53.9,78.4,96.5,81.2,79.5,2016
26,National University of Singapore,Singapore,0.34,31592,15.5,71.7,96.2,84.5,79.4,49.8,79.2,2016
27,King’s College London,United Kingdom,0.37,21394,11.4,64.5,93.8,75.8,93.8,40.1,78.2,2016
28,Karolinska Institute,Sweden,0.22,7774,11.5,60.6,73.1,81.1,92.2,75.8,77.5,2016
29,LMU Munich,Germany,0.13,35691,15.5,70.5,62.8,77.4,85.7,100,77.3,2016
30,New York University,United States of America,0.19,42056,6.8,74.7,49.3,72.3,95.3,30.4,77.2,2016
31,École Polytechnique Fédérale de Lausanne,Switzerland,0.54,9666,10.5,61.3,98.6,67.5,94.6,65.4,76.1,2016
32,University of Washington,United States of America,0.13,44020,11.8,67.1,51.2,70,98.6,43.1,75.6,2016
33,University of Melbourne,Australia,0.35,40128,23.7,62,87.1,75.5,86.6,64.6,75.4,2016
34,University of British Columbia,Canada,0.25,50152,17.6,60.2,90.5,73.2,91.5,42.6,75.3,2016
35,KU Leuven,Belgium,0.18,42503,41.9,59.9,68.6,76.9,87.3,100,74.8,2016
36,University of Illinois at Urbana-Champaign,United States of America,0.2,42727,18.7,64.5,45.8,81.2,86.8,52.8,74.5,2016
37,Heidelberg University,Germany,0.17,28881,24.5,68.8,62.8,69.6,88.2,68.2,74.4,2016
38,McGill University,Canada,0.23,31326,13.7,66.1,85.5,72.1,78.9,40.3,72.6,2016
39,"University of California, San Diego",United States of America,0.11,27233,6.5,56.9,42.9,69.8,98.7,56.7,72.2,2016
39,"University of California, Santa Barbara",United States of America,0.11,22020,27.3,52.6,61.5,66,99.2,90.4,72.2,2016
41,Georgia Institute of Technology,United States of America,0.26,19967,20.1,57.8,71.5,72.7,86,73.7,72.1,2016
42,Peking University,China,0.14,40148,8.3,77.8,49.2,72.4,69.1,100,72,2016
43,University of Tokyo,Japan,0.1,26199,5.7,81.4,30.3,83,60.9,50.8,71.1,2016
44,"University of California, Davis",United States of America,0.13,35364,13.9,60.1,58.4,72.7,84.3,57.3,71,2016
44,University of Hong Kong,Hong Kong,0.38,19835,17.6,64.6,99.5,72.8,70.1,53.7,71,2016
46,University of Texas at Austin,United States of America,0.09,49427,17.4,59.3,31.7,69.7,92.2,63.1,70.3,2016
47,Tsinghua University,China,0.1,39763,13.7,73.3,39.5,83,58.8,100,70,2016
47,Wageningen University and Research Center,Netherlands,0.21,9248,17,52.6,70.3,66.9,87.8,100,70,2016
49,Humboldt University of Berlin,Germany,0.16,29987,52.5,63.7,62.6,77,73.6,36.1,69.9,2016
50,University of Wisconsin-Madison,United States of America,0.11,39655,10.8,65.1,33,68.2,86.6,48.5,69.7,2016
51,Brown University,United States of America,0.19,8653,10.1,62.8,57.8,55.7,96.4,31.4,69.6,2016
52,Australian National University,Australia,0.35,14604,19.2,54.7,93.3,77.3,72.3,48,69.5,2016
53,Technical University of Munich,Germany,0.2,35565,31.5,61,63.8,66,80.1,99.2,69.4,2016
54,École Normale Supérieure,France,0.2,2400,7.9,70.6,85.5,47.7,87.1,37.1,69,2016
55,Nanyang Technological University,Singapore,0.33,25028,16.2,48.4,94.6,61.3,85.6,99.9,68.2,2016
56,University of Manchester,United Kingdom,0.34,34938,15.3,58.4,87,66,77.3,42,68.1,2016
56,University of Sydney,Australia,0.28,41868,20.2,54.3,84.4,68.1,77.5,72.4,68.1,2016
58,University of Amsterdam,Netherlands,0.11,24570,14.4,52.2,66.5,64.7,87.4,62.8,67.8,2016
59,Hong Kong University of Science and Technology,Hong Kong,0.36,11385,23.8,49.4,80.5,66.1,82.6,68.1,67.2,2016
60,The University of Queensland,Australia,0.27,34718,32.7,49.2,89.3,62.8,82.4,76.7,67,2016
60,Washington University in St Louis,United States of America,0.17,12528,5.7,54.3,44.9,55.6,99.2,33.5,67,2016
62,Utrecht University,Netherlands,0.07,30779,15.4,48.1,55.8,64.3,88.1,89.1,66.6,2016
63,University of North Carolina at Chapel Hill,United States of America,0.08,26518,7.3,58,39,54.5,95.9,39.4,66.4,2016
64,Boston University,United States of America,0.17,24789,8.6,57.8,51,49.5,97.7,30.3,66.1,2016
65,Delft University of Technology,Netherlands,0.25,15920,19.4,55,84,73.8,61.5,100,65.9,2016
65,University of Minnesota,United States of America,0.13,46825,18,53.5,35.3,61,88,98.5,65.9,2016
67,Leiden University,Netherlands,0.1,21222,17.1,50.5,64.3,63.1,85.2,49.8,65.7,2016
68,University of Southern California,United States of America,0.2,36534,12.9,49.3,56.3,58.9,93,38,65.5,2016
69,University of Bristol,United Kingdom,0.25,17906,14,47.6,82.4,51.6,91.2,40,64.3,2016
70,Durham University,United Kingdom,0.24,15489,15.7,47.9,86.4,51.9,87.7,34.4,63.6,2016
71,Erasmus University Rotterdam,Netherlands,0.18,20580,18.9,37.2,76.1,55.2,95.6,54.6,63.5,2016
72,Free University of Berlin,Germany,0.2,33062,39.3,57.9,69.2,72.2,60.2,35.1,63.2,2016
73,Monash University,Australia,0.36,50882,40.5,48.1,87.6,58.5,73.3,79.7,62.5,2016
74,University of Groningen,Netherlands,0.12,24556,25.6,43.3,63.9,56.9,84,92.4,62.4,2016
75,Pennsylvania State University,United States of America,0.12,44501,12.4,50.4,40.8,61.9,80.5,56.2,62.3,2016
76,University of Glasgow,United Kingdom,0.29,22616,16,41.6,85.8,48.3,92.3,31.6,61.9,2016
76,University of Helsinki,Finland,0.06,23505,15.1,48.4,51.8,60.4,82.1,31.6,61.9,2016
78,University of Tübingen,Germany,0.12,28327,38.9,47,58.2,59.8,79.3,59.2,61.7,2016
79,University of Pittsburgh,United States of America,0.1,26485,5.8,50.6,33.9,50.3,92.3,39.3,61.5,2016
80,University of Warwick,United Kingdom,0.37,18529,16.6,47.4,90.3,53.1,78.2,37.7,61.3,2016
81,Uppsala University,Sweden,0.12,25266,18.2,44.1,59.6,61,80.9,39.5,61.2,2016
82,University of Copenhagen,Denmark,0.19,27545,4.1,49.8,83.3,42.7,86.2,45,61,2016
82,University of New South Wales,Australia,0.33,38309,25.9,40.7,89.5,53.9,82.1,50,61,2016
84,University of Freiburg,Germany,0.16,26467,31.2,47.4,60.3,51.1,80.5,100,60.7,2016
85,Seoul National University,South Korea,0.1,26389,13.9,66.5,30.9,70.5,50,85.4,60.5,2016
86,University of St Andrews,United Kingdom,0.47,8338,12.7,49.7,92.3,47.3,78.8,30.6,60.4,2016
87,Vanderbilt University,United States of America,0.1,12161,3.6,47.8,29.1,44.2,95.7,63.2,60.1,2016
88,Kyoto University,Japan,0.07,22809,5.6,70.6,26.1,69.3,46.6,79,59.9,2016
88,Maastricht University,Netherlands,0.48,15626,18.9,37.5,95.5,47.7,82.7,95.4,59.9,2016
90,Emory University,United States of America,0.18,12338,4.5,48.3,51,37.1,96.7,48.9,59.7,2016
90,Lund University,Sweden,0.15,28251,11.5,39.7,74.1,53.6,81.3,70.4,59.7,2016
90,Ohio State University,United States of America,0.12,51462,13.4,51.6,53,46.6,83.2,53.1,59.7,2016
93,University of Exeter,United Kingdom,0.28,17755,18.8,39.4,87.3,40,94.3,31.9,59.5,2016
94,Georgetown University,United States of America,0.14,15408,8.5,54.4,52.7,39.3,82.5,80.7,58.8,2016
94,McMaster University,Canada,0.15,23823,19.3,39.8,76.1,44.8,84.9,88,58.8,2016
97,University of Sheffield,United Kingdom,0.31,23311,15.5,42.4,81.9,48.8,80.1,43.4,58.6,2016
98,Queen Mary University of London,United Kingdom,0.4,14260,14,34.1,93.5,41.3,93.3,36.8,58.5,2016
99,University of Göttingen,Germany,0.12,25581,25.6,49.3,56.4,54.5,72.7,31.8,58,2016
99,Michigan State University,United States of America,0.15,44750,15.7,47.3,56.4,52.6,76.8,32.2,58,2016
101,University of Basel,Switzerland,0.24,12551,17.3,39.5,94.7,33.1,88.3,99.9,57.9,2016
101,École Polytechnique,France,0.3,2429,4.8,53.5,92.8,44.6,64.7,82.3,57.9,2016
101,Rice University,United States of America,0.26,6333,9,37.9,66.6,35.1,99.7,41.7,57.9,2016
104,Dartmouth College,United States of America,0.16,6178,6.6,50.7,38.3,35.8,93.3,40.8,57.8,2016
104,University of Zurich,Switzerland,0.19,26583,6.5,49.5,90.4,31.5,85.4,44,57.8,2016
106,Aarhus University,Denmark,0.14,23895,13.6,36.9,76.8,50.7,79.8,68.3,57.7,2016
106,"University of California, Irvine",United States of America,0.16,26614,16.1,39.9,59.2,41.8,91.6,48.9,57.7,2016
106,University of Mannheim,Germany,0.15,11761,85.8,34.5,64.6,47.7,86.9,85.3,57.7,2016
108,University of Notre Dame,United States of America,0.1,11829,13.8,47.6,47.6,48.1,81.7,33.7,57.6,2016
109,University of Western Australia,Australia,0.27,20851,20.7,33.4,92.6,46.1,83.6,64.5,57.5,2016
110,RWTH Aachen University,Germany,0.16,37917,27.6,49.4,54.1,56.3,63.2,98.1,57.2,2016
110,University of Southampton,United Kingdom,0.29,20925,13.5,39.8,88.4,43.6,82,37.5,57.2,2016
112,Scuola Normale Superiore di Pisa,Italy,0.05,462,16.5,54.2,46.3,53.1,67.2,52,57.1,2016
113,University of Montreal,Canada,0.25,38264,20.3,46.3,84.2,45.5,69.6,92.6,57,2016
113,Pierre and Marie Curie University,France,0.18,27862,8.7,52.8,74.1,32.7,82.9,37.4,57,2016
116,Pohang University of Science and Technology,South Korea,0.04,3055,10.1,49.1,33.7,47.1,76.7,100,56.9,2016
117,"University of Maryland, College Park",United States of America,0.09,31331,8.4,45,43.5,42.1,88.2,32.3,56.7,2016
118,Ghent University,Belgium,0.09,32166,34.1,42.1,54.2,54.5,71.2,88.3,56.6,2016
119,University of Birmingham,United Kingdom,0.23,25295,16.4,39.4,82,41.8,82.7,34.7,56.2,2016
120,University of Bern,Switzerland,0.14,14708,22.5,40,83.7,42.5,76.6,82.9,56.1,2016
120,University of Cape Town,South Africa,0.18,20040,12.1,34.9,80.2,38.7,85.6,92.7,56.1,2016
123,University of Erlangen-Nuremberg,Germany,0.09,36146,53.9,51.7,47,39.7,75.2,99.4,56,2016
123,"Rutgers, the State University of New Jersey",United States of America,0.08,37032,17.3,43.9,34.7,55.7,75.4,35.9,56,2016
125,University of Münster,Germany,0.08,39838,46.1,40.3,46.3,44.1,85.6,58.2,55.9,2016
125,Radboud University Nijmegen,Netherlands,0.1,17713,13,34.3,60.9,48.5,84.9,39.2,55.9,2016
127,University of Colorado Boulder,United States of America,0.08,29325,16.1,39.7,36.6,37.6,96.4,35.7,55.8,2016
127,Tufts University,United States of America,0.14,10410,10,45.2,49.4,33.3,90.1,60.7,55.8,2016
129,"Royal Holloway, University of London",United Kingdom,0.37,8747,15.9,35.1,92.7,33.2,91.2,34.4,55.7,2016
130,Lancaster University,United Kingdom,0.33,11512,14.9,34,87,41.4,85.3,33.6,55.6,2016
131,University of Geneva,Switzerland,0.39,15668,15,34.9,98.5,40.5,78.5,72.4,55.4,2016
131,University of York,United Kingdom,0.1544,23873,18.45,41.9,83.5,46.3,73.1,31.1,55.4,2016
133,Case Western Reserve University,United States of America,0.17,9259,6.4,46.1,40.5,33.2,92,34.1,55.3,2016
133,University of Leeds,United Kingdom,0.21,27703,14.7,43.7,77.4,39,79.2,36.7,55.3,2016
135,University of Oslo,Norway,0.18,27139,18.8,43.3,68.2,44.7,75.5,38.3,55.1,2016
136,Stockholm University,Sweden,0.08,31715,23.7,34.1,48.5,51.2,82.5,31.1,54.8,2016
137,University of Alberta,Canada,0.23,36299,21.6,46.4,80.7,48.1,63.6,47.4,54.7,2016
138,Chinese University of Hong Kong,Hong Kong,0.22,17916,10.2,41.5,81.1,48.5,68.4,37.5,54.5,2016
138,Karlsruhe Institute of Technology,Germany,0.16,25294,24.6,37.7,56.7,47.5,73.8,99.5,54.5,2016
140,University of Sussex,United Kingdom,0.35,12001,17.4,33.4,88.3,37.2,86.1,30.6,54.4,2016
141,University of Massachusetts,United States of America,0.11,56959,13,40.2,48.9,36.3,88.1,52.2,54.3,2016
142,University of Vienna,Austria,0.25,34651,20.5,40.8,92.6,50.5,63.6,30.2,54.2,2016
143,University of Nottingham,United Kingdom,0.27,30144,15,40.3,80.6,39,77.5,39.8,54.1,2016
144,"University of California, Santa Cruz",United States of America,0.01,17404,22.7,31.1,45.6,34.2,99.9,36.1,53.9,2016
144,University of Lausanne,Switzerland,0.22,11964,13.1,30.9,89.2,45.6,76.2,56,53.9,2016
146,Autonomous University of Barcelona,Spain,0.1,30538,12.3,40.3,50.3,40,83.8,34.9,53.8,2016
147,University of Virginia,United States of America,0.12,23845,10.2,38.8,43.4,37.5,87.3,37.9,53.3,2016
148,Korea Advanced Institute of Science and Technology (KAIST),South Korea,0.09,9027,10,43.3,33.9,40.5,75.9,100,53,2016
149,University of Adelaide,Australia,0.26,20771,30.1,32.8,85.1,43.2,72.4,79.3,52.9,2016
149,University of East Anglia,United Kingdom,0.28,14992,14.7,31.9,83.5,28.7,92.7,28.5,52.9,2016
149,University of Twente,Netherlands,0.26,6631,12,34.1,80.1,45.6,68.8,91.2,52.9,2016
153,Sungkyunkwan University (SKKU),South Korea,0.09,24365,20.3,51.4,36.7,53.5,53.8,97.5,52.8,2016
154,VU University Amsterdam,Netherlands,0.06,23280,16.3,28.4,54.9,37.1,90.7,60.1,52.5,2016
155,KTH Royal Institute of Technology,Sweden,0.21,12062,14.6,39,84.4,44.3,63.9,78.1,52.4,2016
156,University of Cologne,Germany,0.11,43280,43.4,42.2,53.1,38,75,68.5,52.3,2016
157,University of Liverpool,United Kingdom,0.3,18815,13.6,32.8,85.4,30.9,85.9,36.6,52.2,2016
158,TU Dresden,Germany,0.12,35487,37.4,41.4,47.7,45.8,66.1,99.7,52.1,2016
158,University of Rochester,United States of America,0.26,9390,4.5,39.7,55.8,27.9,89,37,52.1,2016
160,Trinity College Dublin,Republic of Ireland,0.25,15521,18,41.9,90.5,30.8,75.8,28,52,2016
161,Lomonosov Moscow State University,Russian Federation,0.2,30822,7.7,75.4,57.8,66.7,8.6,95.7,51.9,2016
161,University of Miami,United States of America,0.14,15286,5.7,41.7,64,22.3,90.1,35.5,51.9,2016
163,University of Arizona,United States of America,0.08,36429,12.7,38.7,38.6,41.8,79.5,32.4,51.7,2016
164,Pompeu Fabra University,Spain,0.13,10901,18.3,32.9,63.3,28,90.7,37.2,51.2,2016
164,University of Reading,United Kingdom,0.28,12050,14.8,39.3,85.1,37.3,69.9,34.2,51.2,2016
167,"University of California, Riverside",United States of America,0.12,20626,22,27.5,59.5,33.3,91.2,42.5,51.1,2016
167,University of Leicester,United Kingdom,0.35,14541,13.4,32.1,86.6,27.8,86,31.7,51.1,2016
167,National Taiwan University,Taiwan,0.07,31891,11.9,54.1,27.7,58,47.3,49.6,51.1,2016
167,Technical University of Denmark,Denmark,0.18,9990,5,37.3,85.1,29.9,77.8,50,51.1,2016
167,Université Catholique de Louvain,Belgium,0.19,28856,42,38.7,74.2,40.6,68.4,51,51.1,2016
172,University of Aberdeen,United Kingdom,0.33,12938,15.8,29.7,91.4,31.4,82.6,43.1,51,2016
172,University of Auckland,New Zealand,0.28,29787,18.9,31.4,90.5,39.5,69.8,78,51,2016
174,University of Barcelona,Spain,0.1,47491,12.2,38.5,49.2,37.4,78.9,31.1,50.9,2016
175,University of Konstanz,Germany,0.12,10930,59.1,38.5,58.3,46.7,61.9,92.4,50.8,2016
176,Eindhoven University of Technology,Netherlands,0.14,8176,16,34.3,71.3,41,70.7,57.3,50.6,2016
176,University College Dublin,Republic of Ireland,0.23,22193,24.5,35,86.3,38.5,70.8,33.5,50.6,2016
178,Hebrew University of Jerusalem,Israel,0.05,17612,10.7,45.8,55.6,41.4,64.6,31.9,50.5,2016
179,University of Waterloo,Canada,0.14,30726,24.2,35.4,74.4,43.9,66.5,39.5,50.3,2016
180,University of Gothenburg,Sweden,0.12,26420,16.4,28.5,58.3,39.8,81.8,30.3,50.2,2016
180,Scuola Superiore Sant’Anna,Italy,0.17,769,8.5,42.5,45.2,23.2,84.5,71.2,50.2,2016
182,University of Bergen,Norway,0.12,11623,11.1,32.5,70,31.5,82.4,36.2,50.1,2016
182,Cardiff University,United Kingdom,0.23,23347,13.1,30.9,78.1,31.6,82,34.6,50.1,2016
182,University of Utah,United States of America,0.09,25674,16.9,35.6,30.1,35.3,83.7,57.4,50.1,2016
185,Brandeis University,United States of America,0.22,5495,12.6,28.3,47,25.7,97.3,38.6,49.9,2016
185,University of Dundee,United Kingdom,0.25,11628,15.3,25.6,78.5,26.9,90.2,49.5,49.9,2016
185,University of Würzburg,Germany,0.08,26576,38.4,34.6,50.9,35.8,79.1,47.9,49.9,2016
188,Paris-Sud University,France,0.17,27603,15,38.7,64.2,29,79.8,28.8,49.8,2016
189,Arizona State University,United States of America,0.09,83236,29.9,32.4,31.9,38.1,84.6,32,49.7,2016
190,University of Antwerp,Belgium,0.16,12346,30.3,31.6,64.8,40.8,71.7,60.3,49.6,2016
190,Boston College,United States of America,0.19,13216,17.4,34.1,60,29.3,83.3,46.8,49.6,2016
192,Ulm University,Germany,0.1,9187,11.2,35.2,58.2,23.9,86.4,58.4,49.5,2016
193,University of Luxembourg,Luxembourg,0.52,5144,15.9,25,99.8,26.7,84.8,38.1,49.4,2016
193,Texas A&M University,United States of America,0.09,50657,21.4,49.4,47.8,52.4,47.1,46.4,49.4,2016
195,Charité - Universitätsmedizin Berlin,Germany,0.16,6853,6.6,37.3,61.1,22.2,83.8,68.4,49.3,2016
196,Newcastle University,United Kingdom,0.29,20174,15.2,30.9,84.3,27.5,81.5,34.7,49.2,2016
196,"St George’s, University of London",United Kingdom,0.17,2958,13.4,25.6,69.5,18.1,100,37.7,49.2,2016
198,University of Trento,Italy,0.08,16841,43.2,30.8,55.9,27.4,87.7,47.1,49.1,2016
199,Paris Diderot University – Paris 7,France,0.17,27756,14.8,30.5,64.9,22.9,91,29,48.9,2016
200,Queen’s University Belfast,United Kingdom,0.3,17940,17.9,34.1,93.4,33.3,68.9,35.7,48.8,2016
